Company_Name,Location,INVESTMENT_STAGE,Years_in_Operation,EBITDA_RWF_M,IRR_Target_%,ESG_Score
Kigali AgriTech,Huye,Series A,30,1887,10,96
Kivu Green Energy,Huye,Seed,33,4889,22,74
Huye Tech Hub,Rubavu,Seed,35,1450,18.5,77
Gicumbi Dairy,Huye,Growth Equity,30,1576,19.9,67
Nyarugenge Hydro Power,Kigali,Growth Equity,59,100,22.6,68
Musanze Food Processing,Rubavu,Growth Equity,35,847,14.1,80
Bugesera Housing Corp,Huye,Buyout,36,407,34.1,83
Kigali Health Partners,Rwamagana,Buyout,39,247,15.1,75
Akagera Express,Rwamagana,Growth Equity,41,321,10,75
Rwamagana Solar Ltd,Kigali,Seed,43,188,31.3,78
Rubavu Eco-Lodge,Kigali,Seed,39,9474,27.3,74
Nyamata Textile,Musanze,Seed,43,364,11.3,76
Kigali AgriTech,Huye,Growth Equity,36,1209,32.8,67
Kivu Green Energy,Huye,Series A,20,602,26.1,88
Huye Tech Hub,Kigali,Growth Equity,31,460,10,75
Gicumbi Dairy,Musanze,Buyout,40,294,18.9,80
Nyarugenge Hydro Power,Huye,Growth Equity,56,4173,23.9,80
Musanze Food Processing,Bugesera,Buyout,37,2417,11.4,92
Bugesera Housing Corp,Musanze,Buyout,25,321,25,65
Kigali Health Partners,Bugesera,Seed,31,232,14.8,66
Akagera Express,Musanze,Series A,38,100,10,88
Rwamagana Solar Ltd,Musanze,Growth Equity,42,116,14,87
Rubavu Eco-Lodge,Kigali,Buyout,44,206,10.9,76
Nyamata Textile,Kigali,Buyout,44,193,12.5,65
Kigali AgriTech,Musanze,Series A,26,643,16.9,74
Kivu Green Energy,Rwamagana,Series A,41,5983,18.2,90
Huye Tech Hub,Bugesera,Buyout,55,727,24.7,78
Gicumbi Dairy,Bugesera,Series A,67,796,11.9,91
Nyarugenge Hydro Power,Rwamagana,Seed,56,884,14.9,73
Musanze Food Processing,Musanze,Buyout,53,205,10,67
Bugesera Housing Corp,Huye,Growth Equity,68,4289,35,73
Kigali Health Partners,Musanze,Series A,31,271,10,75
Akagera Express,Rwamagana,Series A,59,142,10,80
Rwamagana Solar Ltd,Huye,Seed,32,2636,35,81
Rubavu Eco-Lodge,Bugesera,Buyout,49,1335,35,97
Nyamata Textile,Rubavu,Series A,42,1911,15,88
Kigali AgriTech,Musanze,Seed,78,329,10,76
Kivu Green Energy,Musanze,Buyout,32,2189,13.2,68
Huye Tech Hub,Kigali,Series A,33,4035,35,71
Gicumbi Dairy,Musanze,Seed,23,463,10,65
Nyarugenge Hydro Power,Huye,Series A,38,12071,35,82
Musanze Food Processing,Rwamagana,Seed,36,653,10.6,84
Bugesera Housing Corp,Huye,Buyout,52,1217,35,96
Kigali Health Partners,Musanze,Buyout,32,496,20.5,84
Akagera Express,Musanze,Growth Equity,32,2304,10,78
Rwamagana Solar Ltd,Bugesera,Growth Equity,34,972,10.5,98
Rubavu Eco-Lodge,Kigali,Growth Equity,55,245,10,76
Nyamata Textile,Rwamagana,Buyout,26,100,35,73
Kigali AgriTech,Bugesera,Seed,32,949,20.4,66
Kivu Green Energy,Rwamagana,Series A,61,4729,18.1,88
Huye Tech Hub,Huye,Series A,45,944,35,91
Gicumbi Dairy,Rwamagana,Series A,37,328,35,68
Nyarugenge Hydro Power,Rubavu,Series A,38,150,10,67
Musanze Food Processing,Rwamagana,Series A,34,1639,35,82
Bugesera Housing Corp,Huye,Seed,53,2331,27.2,85
Kigali Health Partners,Bugesera,Series A,48,3164,15.9,65
Akagera Express,Rwamagana,Buyout,57,182,14,92
Rwamagana Solar Ltd,Huye,Series A,33,2255,29.5,98
Rubavu Eco-Lodge,Rubavu,Growth Equity,36,201,31.4,88
Nyamata Textile,Huye,Seed,54,884,35,83
Kigali AgriTech,Rubavu,Series A,41,616,35,91
Kivu Green Energy,Rwamagana,Growth Equity,63,515,32.3,74
Huye Tech Hub,Rwamagana,Series A,48,5987,22.7,82
Gicumbi Dairy,Bugesera,Series A,48,1455,13.4,75
Nyarugenge Hydro Power,Rwamagana,Seed,56,16973,22.3,84
Musanze Food Processing,Kigali,Series A,51,303,13.4,89
Bugesera Housing Corp,Musanze,Growth Equity,31,438,15.5,96
Kigali Health Partners,Rwamagana,Buyout,29,544,13,88
Akagera Express,Kigali,Seed,41,100,35,69
Rwamagana Solar Ltd,Rwamagana,Series A,32,460,16.4,95
Rubavu Eco-Lodge,Rwamagana,Growth Equity,37,100,26.8,93
Nyamata Textile,Musanze,Growth Equity,42,102,35,84
Kigali AgriTech,Rwamagana,Growth Equity,31,6348,15.4,94
Kivu Green Energy,Kigali,Growth Equity,41,512,15.4,83
Huye Tech Hub,Kigali,Series A,56,444,22.1,87
Gicumbi Dairy,Rwamagana,Growth Equity,54,3322,10,83
Nyarugenge Hydro Power,Kigali,Series A,41,274,35,87
Musanze Food Processing,Rubavu,Seed,40,691,10,88
Bugesera Housing Corp,Rubavu,Series A,50,488,35,85
Kigali Health Partners,Kigali,Growth Equity,40,319,20.4,78
Akagera Express,Kigali,Growth Equity,27,551,35,93
Rwamagana Solar Ltd,Kigali,Series A,60,105,10,97
Rubavu Eco-Lodge,Bugesera,Buyout,28,277,15,93
Nyamata Textile,Kigali,Series A,52,757,35,65
Kigali AgriTech,Musanze,Buyout,37,1415,22.4,73
Kivu Green Energy,Kigali,Buyout,51,1566,35,76
Huye Tech Hub,Kigali,Seed,41,979,10,97
Gicumbi Dairy,Musanze,Series A,35,393,35,78
Nyarugenge Hydro Power,Rubavu,Buyout,38,524,27.9,77
Musanze Food Processing,Rubavu,Growth Equity,34,1931,20.3,66
Bugesera Housing Corp,Kigali,Growth Equity,39,211,20.1,73
Kigali Health Partners,Musanze,Series A,34,555,35,93
Akagera Express,Musanze,Series A,27,295,35,76
Rwamagana Solar Ltd,Rubavu,Buyout,32,3716,16.5,84
Rubavu Eco-Lodge,Bugesera,Seed,57,14193,23.1,68
Nyamata Textile,Musanze,Buyout,41,1667,29.1,91
Kigali AgriTech,Rwamagana,Buyout,41,5526,14.9,74
Kivu Green Energy,Huye,Buyout,30,361,23.3,77
Huye Tech Hub,Rwamagana,Buyout,36,2943,35,97
Gicumbi Dairy,Bugesera,Growth Equity,31,506,35,88
Nyarugenge Hydro Power,Kigali,Buyout,36,100,33.7,90
Musanze Food Processing,Huye,Seed,38,593,35,83
Bugesera Housing Corp,Musanze,Buyout,49,6096,34.5,88
Kigali Health Partners,Musanze,Series A,57,3877,10,69
Akagera Express,Bugesera,Growth Equity,34,624,10,96
Rwamagana Solar Ltd,Rubavu,Growth Equity,32,674,25.9,86
Rubavu Eco-Lodge,Rubavu,Series A,37,527,35,65
Nyamata Textile,Musanze,Seed,33,583,28,90
Kigali AgriTech,Bugesera,Series A,56,3491,24.3,91
Kivu Green Energy,Bugesera,Growth Equity,27,100,35,77
Huye Tech Hub,Kigali,Growth Equity,21,2588,25.8,90
Gicumbi Dairy,Musanze,Growth Equity,58,1617,10,72
Nyarugenge Hydro Power,Rwamagana,Growth Equity,32,317,31.7,84
Musanze Food Processing,Huye,Growth Equity,33,122,10,84
Bugesera Housing Corp,Rubavu,Buyout,25,431,17,71
Kigali Health Partners,Bugesera,Series A,25,605,35,97
Akagera Express,Rubavu,Buyout,30,1908,10,78
Rwamagana Solar Ltd,Musanze,Buyout,22,4211,10,69
Rubavu Eco-Lodge,Rubavu,Seed,39,152,10,75
Nyamata Textile,Musanze,Series A,46,125,35,88
Kigali AgriTech,Kigali,Buyout,31,1990,35,76
Kivu Green Energy,Bugesera,Growth Equity,45,519,11.3,98
Huye Tech Hub,Bugesera,Growth Equity,32,2793,10,88
Gicumbi Dairy,Bugesera,Seed,36,331,35,70
Nyarugenge Hydro Power,Rubavu,Growth Equity,51,155,28.1,75
Musanze Food Processing,Bugesera,Series A,34,562,35,69
Bugesera Housing Corp,Bugesera,Buyout,24,219,10,70
Kigali Health Partners,Huye,Growth Equity,45,686,10,72
Akagera Express,Kigali,Seed,32,328,17.6,80
Rwamagana Solar Ltd,Bugesera,Series A,77,4759,16.1,68
Rubavu Eco-Lodge,Kigali,Seed,41,268,18.7,69
Nyamata Textile,Rwamagana,Growth Equity,37,100,10,80
Kigali AgriTech,Musanze,Seed,43,815,10,97
Kivu Green Energy,Bugesera,Growth Equity,48,100,10,69
Huye Tech Hub,Bugesera,Growth Equity,27,869,31.7,75
Gicumbi Dairy,Rwamagana,Buyout,33,100,23.6,66
Nyarugenge Hydro Power,Musanze,Seed,29,528,10,97
Musanze Food Processing,Bugesera,Buyout,34,100,10,91
Bugesera Housing Corp,Musanze,Growth Equity,52,1070,35,85
Kigali Health Partners,Kigali,Growth Equity,60,6413,10,90
Akagera Express,Rubavu,Growth Equity,32,1048,20.4,83
Rwamagana Solar Ltd,Musanze,Growth Equity,32,100,35,98
Rubavu Eco-Lodge,Musanze,Growth Equity,56,1977,10,73
Nyamata Textile,Rwamagana,Growth Equity,31,974,19,73
Kigali AgriTech,Rubavu,Series A,42,423,28,82
Kivu Green Energy,Rubavu,Buyout,35,206,35,96
Huye Tech Hub,Huye,Buyout,56,2006,10,75
Gicumbi Dairy,Bugesera,Seed,48,1252,16.8,67
Nyarugenge Hydro Power,Rubavu,Series A,46,279,19.4,96
Musanze Food Processing,Rwamagana,Growth Equity,37,491,10.3,65
Bugesera Housing Corp,Rubavu,Seed,41,189,33.3,66
Kigali Health Partners,Rwamagana,Growth Equity,36,542,10.2,69
Akagera Express,Rubavu,Series A,45,349,10,67
Rwamagana Solar Ltd,Rwamagana,Seed,55,8204,21.3,79
Rubavu Eco-Lodge,Rwamagana,Growth Equity,39,601,28.9,79
Nyamata Textile,Huye,Growth Equity,35,408,10,74
Kigali AgriTech,Musanze,Growth Equity,55,702,32.4,70
Kivu Green Energy,Huye,Seed,55,373,10,85
Huye Tech Hub,Huye,Series A,27,150,16.8,96
Gicumbi Dairy,Bugesera,Seed,34,1741,35,73
Nyarugenge Hydro Power,Bugesera,Seed,34,120,10,76
Musanze Food Processing,Kigali,Buyout,25,4690,19.9,77
Bugesera Housing Corp,Rwamagana,Buyout,41,356,10,69
Kigali Health Partners,Bugesera,Seed,43,1078,10,81
Akagera Express,Rwamagana,Series A,28,180,35,75
Rwamagana Solar Ltd,Huye,Series A,31,2204,35,86
Rubavu Eco-Lodge,Kigali,Series A,78,599,10,79
Nyamata Textile,Rubavu,Series A,45,1369,35,68
Kigali AgriTech,Musanze,Series A,48,410,13.5,92
Kivu Green Energy,Musanze,Growth Equity,32,1243,35,77
Huye Tech Hub,Musanze,Buyout,42,3080,10.1,88
Gicumbi Dairy,Kigali,Growth Equity,37,137,25.3,72
Nyarugenge Hydro Power,Huye,Seed,40,562,27.2,84
Musanze Food Processing,Musanze,Seed,32,1131,10,80
Bugesera Housing Corp,Rubavu,Seed,42,9109,13.5,77
Kigali Health Partners,Huye,Seed,43,565,16.6,76
Akagera Express,Musanze,Buyout,44,5281,10,68
Rwamagana Solar Ltd,Rubavu,Series A,37,276,14.7,71
Rubavu Eco-Lodge,Musanze,Growth Equity,37,1799,10,86
Nyamata Textile,Bugesera,Seed,37,100,10,83
Kigali AgriTech,Kigali,Buyout,28,272,19.4,69
Kivu Green Energy,Musanze,Seed,32,100,33.3,87
Huye Tech Hub,Huye,Growth Equity,34,7079,10,93
Gicumbi Dairy,Kigali,Buyout,40,106,14,65
Nyarugenge Hydro Power,Rwamagana,Growth Equity,34,162,10.9,80
Musanze Food Processing,Rubavu,Buyout,34,2072,10,84
Bugesera Housing Corp,Bugesera,Buyout,34,999,35,82
Kigali Health Partners,Huye,Buyout,37,121,10,93
Akagera Express,Rubavu,Growth Equity,36,123,15.2,71
Rwamagana Solar Ltd,Rwamagana,Growth Equity,56,1306,35,72
Rubavu Eco-Lodge,Musanze,Seed,49,100,10,72
Nyamata Textile,Rubavu,Buyout,33,315,35,96
Kigali AgriTech,Rwamagana,Series A,30,1472,24,81
Kivu Green Energy,Kigali,Buyout,36,2081,10,76
Huye Tech Hub,Musanze,Seed,23,9316,35,76
Gicumbi Dairy,Bugesera,Series A,57,139,35,67
Nyarugenge Hydro Power,Kigali,Growth Equity,27,5663,35,94
Musanze Food Processing,Musanze,Series A,38,101,15.2,92
Bugesera Housing Corp,Huye,Buyout,42,882,28.5,98
Kigali Health Partners,Rubavu,Growth Equity,75,3871,18.5,82
Akagera Express,Rwamagana,Seed,34,1092,30.1,90
Rwamagana Solar Ltd,Rwamagana,Growth Equity,48,1626,27.3,87
Rubavu Eco-Lodge,Huye,Growth Equity,35,2758,35,74
Nyamata Textile,Rubavu,Series A,39,1415,35,97
Kigali AgriTech,Rubavu,Buyout,29,555,35,97
Kivu Green Energy,Rwamagana,Growth Equity,45,100,13.9,66
Huye Tech Hub,Rwamagana,Series A,42,2130,19.6,71
Gicumbi Dairy,Musanze,Growth Equity,29,1699,11.5,96
Nyarugenge Hydro Power,Musanze,Series A,38,296,10,92
Musanze Food Processing,Kigali,Buyout,56,1433,10,81
Bugesera Housing Corp,Rwamagana,Series A,36,9249,14.1,72
Kigali Health Partners,Rubavu,Series A,25,450,10,68
Akagera Express,Rwamagana,Seed,38,532,10,93
Rwamagana Solar Ltd,Bugesera,Buyout,57,11594,19.8,68
Rubavu Eco-Lodge,Bugesera,Growth Equity,31,353,22,70
Nyamata Textile,Rwamagana,Buyout,42,472,35,95
Kigali AgriTech,Bugesera,Growth Equity,45,1510,10,72
Kivu Green Energy,Bugesera,Series A,30,1075,25.6,91
Huye Tech Hub,Huye,Seed,49,405,35,82
Gicumbi Dairy,Bugesera,Growth Equity,49,500,15.1,78
Nyarugenge Hydro Power,Musanze,Series A,53,122,10,73
Musanze Food Processing,Rubavu,Seed,37,4130,17.8,67
Bugesera Housing Corp,Rubavu,Seed,49,465,10,72
Kigali Health Partners,Bugesera,Buyout,41,304,11.1,93
Akagera Express,Rwamagana,Series A,54,1791,18.6,96
Rwamagana Solar Ltd,Rubavu,Growth Equity,32,506,22.7,74
Rubavu Eco-Lodge,Rwamagana,Series A,33,304,29.7,94
Nyamata Textile,Rubavu,Seed,33,459,21,65
Kigali AgriTech,Bugesera,Growth Equity,36,223,10,89
Kivu Green Energy,Kigali,Growth Equity,35,100,11.2,92
Huye Tech Hub,Rwamagana,Growth Equity,52,242,11.2,83
Gicumbi Dairy,Musanze,Series A,40,3671,22.2,95
Nyarugenge Hydro Power,Rwamagana,Growth Equity,44,133,19.5,81
Musanze Food Processing,Bugesera,Growth Equity,45,100,35,90
Bugesera Housing Corp,Rubavu,Growth Equity,30,3196,12.3,67
Kigali Health Partners,Musanze,Series A,48,120,14.5,70
Akagera Express,Huye,Growth Equity,33,3676,12.4,74
Rwamagana Solar Ltd,Huye,Series A,57,306,21.6,89
Rubavu Eco-Lodge,Bugesera,Series A,57,7182,10,97
Nyamata Textile,Rubavu,Buyout,51,1734,16.8,94
Kigali AgriTech,Bugesera,Seed,34,101,35,67
Kivu Green Energy,Kigali,Growth Equity,50,4112,35,83
Huye Tech Hub,Rubavu,Seed,44,3862,12.5,70
Gicumbi Dairy,Kigali,Buyout,27,347,34.4,70
Nyarugenge Hydro Power,Kigali,Growth Equity,50,706,35,88
Musanze Food Processing,Musanze,Series A,36,100,10,72
Bugesera Housing Corp,Bugesera,Series A,42,289,24.7,72
Kigali Health Partners,Kigali,Buyout,32,100,12.3,83
Akagera Express,Huye,Growth Equity,42,584,14.4,94
Rwamagana Solar Ltd,Rwamagana,Series A,43,100,10,95
Rubavu Eco-Lodge,Musanze,Seed,31,495,15.5,75
Nyamata Textile,Musanze,Buyout,32,2449,13.4,65
Kigali AgriTech,Huye,Series A,55,510,22.1,73
Kivu Green Energy,Kigali,Growth Equity,58,3501,10,67
Huye Tech Hub,Musanze,Series A,46,322,10,68
Gicumbi Dairy,Musanze,Buyout,55,1089,24.6,74
Nyarugenge Hydro Power,Musanze,Buyout,34,515,35,72
Musanze Food Processing,Rwamagana,Seed,28,116,11.9,91
Bugesera Housing Corp,Kigali,Growth Equity,42,7290,35,72
Kigali Health Partners,Kigali,Growth Equity,29,582,35,89
Akagera Express,Rwamagana,Growth Equity,54,309,10,67
Rwamagana Solar Ltd,Musanze,Buyout,32,100,18.1,76
Rubavu Eco-Lodge,Musanze,Growth Equity,39,5903,10,95
Nyamata Textile,Bugesera,Buyout,53,724,18,74
Kigali AgriTech,Rwamagana,Buyout,58,983,35,96
Kivu Green Energy,Kigali,Buyout,40,1616,35,68
Huye Tech Hub,Rwamagana,Seed,29,972,23,80
Gicumbi Dairy,Kigali,Series A,33,1088,10,93
Nyarugenge Hydro Power,Huye,Growth Equity,38,1002,10,97
Musanze Food Processing,Rwamagana,Growth Equity,56,1107,10,86
Bugesera Housing Corp,Bugesera,Growth Equity,40,100,29.7,81
Kigali Health Partners,Kigali,Buyout,24,274,35,87
Akagera Express,Kigali,Growth Equity,46,12286,10,94
Rwamagana Solar Ltd,Huye,Growth Equity,35,624,35,97
Rubavu Eco-Lodge,Musanze,Growth Equity,35,100,26.2,80
Nyamata Textile,Huye,Buyout,34,104,35,74
Kigali AgriTech,Rwamagana,Growth Equity,35,11319,35,79
Kivu Green Energy,Huye,Seed,38,100,24.7,84
Huye Tech Hub,Rubavu,Buyout,50,5876,10,68
Gicumbi Dairy,Musanze,Series A,51,137,34.1,79
Nyarugenge Hydro Power,Kigali,Seed,59,693,10,82
Musanze Food Processing,Bugesera,Growth Equity,32,1248,12.1,79
Bugesera Housing Corp,Bugesera,Series A,37,3661,10,86
Kigali Health Partners,Huye,Seed,42,163,10,91
Akagera Express,Musanze,Buyout,40,360,19.7,65
Rwamagana Solar Ltd,Bugesera,Buyout,28,2369,33.1,71
Rubavu Eco-Lodge,Kigali,Growth Equity,47,1160,10,96
Nyamata Textile,Bugesera,Buyout,27,320,13.8,71
Kigali AgriTech,Musanze,Seed,41,149,31.2,78
Kivu Green Energy,Rwamagana,Seed,34,169,12,86
Huye Tech Hub,Bugesera,Seed,50,4208,35,73
Gicumbi Dairy,Rwamagana,Growth Equity,47,580,21.1,84
Nyarugenge Hydro Power,Rubavu,Growth Equity,53,5094,10,71
Musanze Food Processing,Rubavu,Seed,53,100,13.5,88
Bugesera Housing Corp,Rubavu,Series A,47,3781,10.1,68
Kigali Health Partners,Rwamagana,Series A,49,801,35,97
Akagera Express,Bugesera,Seed,29,551,35,80
Rwamagana Solar Ltd,Rubavu,Growth Equity,45,411,35,89
Rubavu Eco-Lodge,Huye,Growth Equity,38,693,35,73
Nyamata Textile,Musanze,Seed,32,859,31.7,71
Kigali AgriTech,Rubavu,Growth Equity,70,4631,35,73
Kivu Green Energy,Rwamagana,Growth Equity,65,1940,35,97
Huye Tech Hub,Kigali,Growth Equity,56,445,35,74
Gicumbi Dairy,Musanze,Series A,35,1387,33,92
Nyarugenge Hydro Power,Kigali,Seed,56,453,17.1,78
Musanze Food Processing,Rwamagana,Buyout,56,305,35,81
Bugesera Housing Corp,Kigali,Seed,49,787,35,80
Kigali Health Partners,Musanze,Seed,38,1247,24.9,77
Akagera Express,Rubavu,Growth Equity,35,4386,35,82
Rwamagana Solar Ltd,Rwamagana,Growth Equity,38,705,14.7,65
Rubavu Eco-Lodge,Kigali,Series A,49,8645,19.9,97
Nyamata Textile,Kigali,Buyout,55,659,27.1,84
Kigali AgriTech,Bugesera,Growth Equity,43,102,35,98
Kivu Green Energy,Bugesera,Growth Equity,43,102,35,76
Huye Tech Hub,Rubavu,Buyout,25,860,22.3,77
Gicumbi Dairy,Musanze,Growth Equity,30,1417,35,75
Nyarugenge Hydro Power,Musanze,Buyout,46,282,10,79
Musanze Food Processing,Bugesera,Series A,50,376,35,77
Bugesera Housing Corp,Rubavu,Series A,35,3071,35,84
Kigali Health Partners,Rwamagana,Buyout,26,1164,11.3,96
Akagera Express,Bugesera,Growth Equity,45,1883,10,92
Rwamagana Solar Ltd,Kigali,Buyout,37,167,15.7,83
Rubavu Eco-Lodge,Bugesera,Growth Equity,60,279,10,76
Nyamata Textile,Huye,Series A,38,1299,17.8,84
Kigali AgriTech,Bugesera,Growth Equity,47,314,16.8,65
Kivu Green Energy,Musanze,Growth Equity,33,6799,35,76
Huye Tech Hub,Huye,Buyout,51,1860,16.2,70
Gicumbi Dairy,Kigali,Buyout,35,245,35,85
Nyarugenge Hydro Power,Musanze,Buyout,35,1078,35,76
Musanze Food Processing,Kigali,Seed,48,1250,35,71
Bugesera Housing Corp,Kigali,Growth Equity,37,221,10,86
Kigali Health Partners,Kigali,Buyout,29,928,21.5,93
Akagera Express,Rwamagana,Series A,34,344,10,91
Rwamagana Solar Ltd,Rwamagana,Seed,32,328,35,65
Rubavu Eco-Lodge,Musanze,Series A,30,524,29.8,79
Nyamata Textile,Rwamagana,Growth Equity,47,547,12.6,93
Kigali AgriTech,Rwamagana,Growth Equity,33,295,10,93
Kivu Green Energy,Huye,Series A,33,1510,10,83
Huye Tech Hub,Rubavu,Seed,63,1184,20.1,68
Gicumbi Dairy,Rubavu,Buyout,51,11024,10.6,83
Nyarugenge Hydro Power,Musanze,Buyout,41,932,16.4,95
Musanze Food Processing,Bugesera,Buyout,56,578,10,88
Bugesera Housing Corp,Kigali,Growth Equity,60,100,15.1,85
Kigali Health Partners,Musanze,Buyout,41,4050,10,88
Akagera Express,Bugesera,Growth Equity,37,604,35,77
Rwamagana Solar Ltd,Rubavu,Seed,36,319,27,92
Rubavu Eco-Lodge,Musanze,Growth Equity,57,1702,33.9,70
Nyamata Textile,Bugesera,Seed,55,2687,32.8,88
Kigali AgriTech,Bugesera,Buyout,44,100,15.9,90
Kivu Green Energy,Rubavu,Series A,47,2403,32.3,75
Huye Tech Hub,Rwamagana,Series A,31,1760,34.2,77
Gicumbi Dairy,Kigali,Seed,35,132,18,90
Nyarugenge Hydro Power,Huye,Seed,39,378,10,87
Musanze Food Processing,Bugesera,Buyout,50,104,22.3,73
Bugesera Housing Corp,Huye,Growth Equity,29,418,35,69
Kigali Health Partners,Huye,Seed,30,309,10,80
Akagera Express,Kigali,Growth Equity,46,371,13.4,69
Rwamagana Solar Ltd,Kigali,Buyout,27,3296,10,92
Rubavu Eco-Lodge,Kigali,Seed,48,4199,35,91
Nyamata Textile,Rubavu,Series A,26,2672,35,94
Kigali AgriTech,Musanze,Series A,36,439,10,91
Kivu Green Energy,Rwamagana,Seed,42,100,20.9,79
Huye Tech Hub,Musanze,Series A,50,495,35,87
Gicumbi Dairy,Rubavu,Seed,49,2139,28.3,71
Nyarugenge Hydro Power,Musanze,Buyout,45,5550,18.8,79
Musanze Food Processing,Kigali,Series A,23,880,26.7,77
Bugesera Housing Corp,Musanze,Seed,38,100,19.6,94
Kigali Health Partners,Huye,Series A,32,8536,24.5,77
Akagera Express,Rubavu,Seed,60,11362,32.3,80
Rwamagana Solar Ltd,Rubavu,Seed,30,1046,35,86
Rubavu Eco-Lodge,Kigali,Growth Equity,58,597,13.8,95
Nyamata Textile,Kigali,Series A,60,155,20.7,66
Kigali AgriTech,Musanze,Series A,38,240,35,86
Kivu Green Energy,Kigali,Seed,51,479,26.1,95
Huye Tech Hub,Musanze,Growth Equity,42,496,10,92
Gicumbi Dairy,Bugesera,Series A,30,100,13.1,96
Nyarugenge Hydro Power,Huye,Buyout,40,833,10,96
Musanze Food Processing,Musanze,Buyout,37,493,35,84
Bugesera Housing Corp,Musanze,Growth Equity,53,7390,15.3,67
Kigali Health Partners,Huye,Series A,27,568,10.9,87
Akagera Express,Bugesera,Buyout,39,100,10,66
Rwamagana Solar Ltd,Rubavu,Seed,39,3805,10,68
Rubavu Eco-Lodge,Rwamagana,Buyout,59,9776,23.4,65
Nyamata Textile,Musanze,Buyout,37,1428,12.1,89
Kigali AgriTech,Kigali,Series A,41,108,15.5,74
Kivu Green Energy,Kigali,Growth Equity,45,161,10.8,87
Huye Tech Hub,Musanze,Series A,48,6713,15.9,83
Gicumbi Dairy,Bugesera,Series A,48,402,20.8,86
Nyarugenge Hydro Power,Rubavu,Buyout,32,1105,21.5,88
Musanze Food Processing,Huye,Series A,35,209,35,82
Bugesera Housing Corp,Musanze,Series A,33,1340,35,80
Kigali Health Partners,Rwamagana,Growth Equity,28,100,35,80
Akagera Express,Huye,Series A,64,3023,12,83
Rwamagana Solar Ltd,Rwamagana,Series A,35,100,10.6,94
Rubavu Eco-Lodge,Bugesera,Buyout,33,143,33.2,81
Nyamata Textile,Bugesera,Seed,41,388,22.1,94
Kigali AgriTech,Bugesera,Buyout,34,713,10,95
Kivu Green Energy,Huye,Buyout,37,6201,10,69
Huye Tech Hub,Rwamagana,Series A,38,268,21.2,84
Gicumbi Dairy,Bugesera,Seed,39,7785,35,87
Nyarugenge Hydro Power,Rubavu,Series A,35,4615,10,82
Musanze Food Processing,Kigali,Growth Equity,28,617,35,71
Bugesera Housing Corp,Bugesera,Series A,27,248,20.3,80
Kigali Health Partners,Rwamagana,Series A,48,385,15.7,71
Akagera Express,Musanze,Series A,50,987,28.7,74
Rwamagana Solar Ltd,Kigali,Series A,45,3198,15.9,94
Rubavu Eco-Lodge,Bugesera,Growth Equity,41,844,12.5,84
Nyamata Textile,Rubavu,Growth Equity,39,230,20.2,80
Kigali AgriTech,Musanze,Series A,44,538,10,83
Kivu Green Energy,Huye,Growth Equity,54,100,16.1,88
Huye Tech Hub,Musanze,Series A,49,422,10,78
Gicumbi Dairy,Rwamagana,Growth Equity,34,286,34.2,85
Nyarugenge Hydro Power,Bugesera,Seed,75,3910,26.2,90
Musanze Food Processing,Musanze,Buyout,42,100,32.5,76
Bugesera Housing Corp,Huye,Series A,53,4480,22.3,78
Kigali Health Partners,Rwamagana,Seed,49,855,35,82
Akagera Express,Huye,Growth Equity,31,2170,31.9,94
Rwamagana Solar Ltd,Rwamagana,Seed,45,1099,18.2,65
Rubavu Eco-Lodge,Huye,Growth Equity,39,267,33,75
Nyamata Textile,Musanze,Buyout,46,1422,35,87
Kigali AgriTech,Musanze,Growth Equity,42,1176,21.3,88
Kivu Green Energy,Rwamagana,Seed,37,602,35,73
Huye Tech Hub,Musanze,Seed,26,1316,35,93
Gicumbi Dairy,Musanze,Seed,37,976,14,65
Nyarugenge Hydro Power,Rubavu,Growth Equity,36,442,14.2,85
Musanze Food Processing,Huye,Seed,29,1050,13.5,74
Bugesera Housing Corp,Musanze,Buyout,36,1073,29.3,68
Kigali Health Partners,Rubavu,Seed,26,3925,10.7,74
Akagera Express,Huye,Seed,32,2466,12.7,71
Rwamagana Solar Ltd,Rubavu,Growth Equity,40,642,35,70
Rubavu Eco-Lodge,Rubavu,Buyout,53,1095,20,73
Nyamata Textile,Musanze,Growth Equity,29,120,35,72
Kigali AgriTech,Rubavu,Buyout,34,328,35,98
Kivu Green Energy,Musanze,Series A,43,230,15.6,70
Huye Tech Hub,Rwamagana,Buyout,56,317,12.1,89
Gicumbi Dairy,Musanze,Growth Equity,55,100,10.8,95
Nyarugenge Hydro Power,Rwamagana,Growth Equity,31,359,10,97
Musanze Food Processing,Bugesera,Seed,27,719,10,95
Bugesera Housing Corp,Huye,Growth Equity,36,744,10,82
Kigali Health Partners,Kigali,Seed,44,122,26.5,70
Akagera Express,Musanze,Buyout,37,4403,16.8,86
Rwamagana Solar Ltd,Rwamagana,Buyout,30,339,11.5,83
Rubavu Eco-Lodge,Rubavu,Growth Equity,42,375,10,91
Nyamata Textile,Kigali,Buyout,30,1321,27.9,71
Kigali AgriTech,Rwamagana,Seed,62,916,10,79
Kivu Green Energy,Rubavu,Buyout,24,1322,35,76
Huye Tech Hub,Musanze,Growth Equity,31,2463,24.7,97
Gicumbi Dairy,Bugesera,Buyout,66,2362,15.5,82
Nyarugenge Hydro Power,Rwamagana,Seed,47,102,10,75
Musanze Food Processing,Rwamagana,Series A,39,102,18,98
Bugesera Housing Corp,Bugesera,Buyout,35,4608,35,65
Kigali Health Partners,Huye,Growth Equity,35,502,10,90
Akagera Express,Musanze,Series A,27,1677,26.6,97
Rwamagana Solar Ltd,Rubavu,Seed,32,134,32.1,86
Rubavu Eco-Lodge,Huye,Buyout,44,895,10,79
Nyamata Textile,Musanze,Seed,42,217,14.7,96
Kigali AgriTech,Bugesera,Growth Equity,34,5562,35,73
Kivu Green Energy,Huye,Seed,25,502,26.4,72
Huye Tech Hub,Huye,Growth Equity,40,741,15.6,78
Gicumbi Dairy,Bugesera,Series A,43,136,11.8,74
Nyarugenge Hydro Power,Huye,Seed,55,483,34.3,93
Musanze Food Processing,Rwamagana,Growth Equity,50,383,22.6,75
Bugesera Housing Corp,Rubavu,Series A,45,100,10,86
Kigali Health Partners,Huye,Series A,35,3202,13.8,98
Akagera Express,Huye,Growth Equity,32,989,18.5,77
Rwamagana Solar Ltd,Rwamagana,Series A,59,100,35,66
Rubavu Eco-Lodge,Kigali,Growth Equity,34,470,35,96
Nyamata Textile,Rubavu,Growth Equity,39,706,14.2,68
Kigali AgriTech,Bugesera,Buyout,40,10478,35,98
Kivu Green Energy,Musanze,Seed,36,1413,10,86
Huye Tech Hub,Rubavu,Growth Equity,40,9069,15.3,79
Gicumbi Dairy,Musanze,Buyout,55,296,21,97
Nyarugenge Hydro Power,Kigali,Series A,38,115,12.1,68
Musanze Food Processing,Kigali,Growth Equity,61,4708,21.2,87
Bugesera Housing Corp,Rubavu,Series A,41,766,25.3,74
Kigali Health Partners,Bugesera,Series A,57,552,13.9,66
Akagera Express,Kigali,Series A,48,249,10,85
Rwamagana Solar Ltd,Rubavu,Growth Equity,77,7902,35,78
Rubavu Eco-Lodge,Rwamagana,Series A,35,1553,19.9,89
Nyamata Textile,Rwamagana,Series A,54,1580,10.8,71
Kigali AgriTech,Kigali,Seed,37,815,24.7,81
Kivu Green Energy,Musanze,Seed,56,337,23.6,80
Huye Tech Hub,Rubavu,Buyout,40,794,10,74
Gicumbi Dairy,Rwamagana,Buyout,40,100,10.9,72
Nyarugenge Hydro Power,Rwamagana,Series A,54,155,11.2,98
Musanze Food Processing,Bugesera,Seed,55,236,10,86
Bugesera Housing Corp,Musanze,Buyout,55,504,35,87
Kigali Health Partners,Bugesera,Buyout,52,879,10,67
Akagera Express,Kigali,Series A,55,1287,19.3,89
Rwamagana Solar Ltd,Musanze,Seed,33,741,34.7,91
Rubavu Eco-Lodge,Huye,Seed,52,926,35,85
Nyamata Textile,Kigali,Seed,33,1091,14.8,90
Kigali AgriTech,Huye,Seed,53,1896,29.5,95
Kivu Green Energy,Kigali,Seed,46,122,35,67
Huye Tech Hub,Musanze,Growth Equity,44,344,35,92
Gicumbi Dairy,Rubavu,Growth Equity,48,1428,33.9,94
Nyarugenge Hydro Power,Musanze,Seed,50,7417,17.2,71
Musanze Food Processing,Huye,Seed,34,5043,11.7,96
Bugesera Housing Corp,Bugesera,Growth Equity,38,358,35,80
Kigali Health Partners,Rwamagana,Buyout,42,615,35,97
Akagera Express,Huye,Series A,32,12707,20.3,73
Rwamagana Solar Ltd,Rwamagana,Growth Equity,58,102,28.2,94
Rubavu Eco-Lodge,Kigali,Series A,31,113,11,78
Nyamata Textile,Huye,Buyout,19,203,10.4,96
Kigali AgriTech,Musanze,Series A,41,3972,23.1,78
Kivu Green Energy,Bugesera,Growth Equity,31,396,35,92
Huye Tech Hub,Musanze,Buyout,52,317,19.3,96
Gicumbi Dairy,Huye,Series A,42,460,11,72
Nyarugenge Hydro Power,Rwamagana,Series A,41,528,10,87
Musanze Food Processing,Rwamagana,Growth Equity,30,415,35,98
Bugesera Housing Corp,Bugesera,Series A,38,221,16.8,83
Kigali Health Partners,Rwamagana,Seed,32,920,35,97
Akagera Express,Huye,Seed,52,295,22,88
Rwamagana Solar Ltd,Musanze,Seed,48,208,10,88
Rubavu Eco-Lodge,Rubavu,Buyout,36,481,10,87
Nyamata Textile,Rwamagana,Seed,45,857,10.3,80
Kigali AgriTech,Bugesera,Seed,34,791,10,72
Kivu Green Energy,Huye,Growth Equity,36,2025,35,76
Huye Tech Hub,Musanze,Buyout,34,1002,15.9,81
Gicumbi Dairy,Rwamagana,Seed,61,5307,33.6,80
Nyarugenge Hydro Power,Rubavu,Series A,54,100,22,68
Musanze Food Processing,Kigali,Seed,50,765,23.8,95
Bugesera Housing Corp,Musanze,Series A,43,838,35,84
Kigali Health Partners,Rwamagana,Series A,47,333,29.3,89
Akagera Express,Kigali,Seed,45,939,10,89
Rwamagana Solar Ltd,Rwamagana,Series A,57,5899,10,75
Rubavu Eco-Lodge,Bugesera,Growth Equity,27,1133,35,69
Nyamata Textile,Bugesera,Growth Equity,49,166,21.8,97
Kigali AgriTech,Musanze,Buyout,43,2667,10.9,87
Kivu Green Energy,Huye,Series A,40,1684,35,94
Huye Tech Hub,Kigali,Buyout,32,282,14.5,72
Gicumbi Dairy,Huye,Buyout,58,176,10,90
Nyarugenge Hydro Power,Huye,Growth Equity,34,763,11.1,90
Musanze Food Processing,Musanze,Series A,46,3555,35,74
Bugesera Housing Corp,Bugesera,Series A,29,115,13.6,96
Kigali Health Partners,Rubavu,Growth Equity,52,1154,27.3,80
Akagera Express,Kigali,Series A,45,1629,16,91
Rwamagana Solar Ltd,Huye,Series A,26,163,10,68
Rubavu Eco-Lodge,Rwamagana,Growth Equity,40,100,10,67
Nyamata Textile,Bugesera,Seed,41,1020,23.9,86
Kigali AgriTech,Musanze,Buyout,47,3796,25,97
Kivu Green Energy,Bugesera,Growth Equity,27,159,35,88
Huye Tech Hub,Kigali,Series A,27,100,19.8,78
Gicumbi Dairy,Musanze,Buyout,48,257,10,82
Nyarugenge Hydro Power,Rwamagana,Seed,49,2565,15.7,98
Musanze Food Processing,Rwamagana,Series A,35,100,10,76
Bugesera Housing Corp,Kigali,Growth Equity,47,102,23.6,80
Kigali Health Partners,Musanze,Buyout,54,100,11.8,66
Akagera Express,Huye,Seed,39,12537,10,98
Rwamagana Solar Ltd,Huye,Seed,28,478,34.6,89
Rubavu Eco-Lodge,Rubavu,Series A,54,311,20,66
Nyamata Textile,Rubavu,Buyout,34,328,18.7,75
Kigali AgriTech,Musanze,Buyout,63,2847,11.3,97
Kivu Green Energy,Kigali,Series A,42,2032,19.2,89
Huye Tech Hub,Musanze,Series A,43,11369,10,76
Gicumbi Dairy,Musanze,Growth Equity,37,1414,35,82
Nyarugenge Hydro Power,Rwamagana,Series A,55,2375,13.9,94
Musanze Food Processing,Bugesera,Series A,43,1404,35,69
Bugesera Housing Corp,Huye,Series A,41,820,35,95
Kigali Health Partners,Kigali,Buyout,47,3014,35,83
Akagera Express,Kigali,Seed,34,1564,35,84
Rwamagana Solar Ltd,Rwamagana,Series A,28,11655,12.5,80
Rubavu Eco-Lodge,Rubavu,Seed,36,402,10,78
Nyamata Textile,Bugesera,Buyout,50,2597,10,84
Kigali AgriTech,Bugesera,Series A,35,439,35,90
Kivu Green Energy,Rubavu,Seed,40,156,19.4,86
Huye Tech Hub,Bugesera,Series A,26,311,16.8,65
Gicumbi Dairy,Bugesera,Buyout,36,3711,34.7,77
Nyarugenge Hydro Power,Musanze,Series A,59,100,35,79
Musanze Food Processing,Bugesera,Series A,28,559,10,87
Bugesera Housing Corp,Musanze,Growth Equity,46,342,33.2,68
Kigali Health Partners,Musanze,Seed,50,1238,21.9,71
Akagera Express,Rwamagana,Growth Equity,53,1419,35,73
Rwamagana Solar Ltd,Bugesera,Buyout,81,101,10,78
Rubavu Eco-Lodge,Rubavu,Series A,35,167,19.2,72
Nyamata Textile,Musanze,Buyout,58,1037,15.5,65
Kigali AgriTech,Rwamagana,Series A,44,100,16.1,73
Kivu Green Energy,Bugesera,Series A,38,658,35,92
Huye Tech Hub,Rubavu,Buyout,49,271,10,74
Gicumbi Dairy,Huye,Buyout,33,796,19.3,92
Nyarugenge Hydro Power,Rubavu,Series A,29,461,35,85
Musanze Food Processing,Kigali,Seed,28,327,27.8,92
Bugesera Housing Corp,Rubavu,Growth Equity,31,336,21.1,69
Kigali Health Partners,Bugesera,Seed,33,153,35,86
Akagera Express,Rubavu,Series A,52,292,10,68
Rwamagana Solar Ltd,Rwamagana,Series A,43,138,19.7,67
Rubavu Eco-Lodge,Bugesera,Buyout,32,618,10,92
Nyamata Textile,Rubavu,Seed,36,116,10,72
Kigali AgriTech,Kigali,Series A,41,356,14.7,98
Kivu Green Energy,Kigali,Growth Equity,43,205,35,85
Huye Tech Hub,Musanze,Growth Equity,45,434,10,65
Gicumbi Dairy,Rwamagana,Series A,39,1148,35,75
Nyarugenge Hydro Power,Musanze,Series A,41,208,10,79
Musanze Food Processing,Rwamagana,Seed,31,760,11.5,98
Bugesera Housing Corp,Rubavu,Buyout,37,100,10.8,81
Kigali Health Partners,Musanze,Seed,28,1134,11.3,71
Akagera Express,Bugesera,Series A,47,301,10,76
Rwamagana Solar Ltd,Kigali,Growth Equity,37,289,14.8,84
Rubavu Eco-Lodge,Kigali,Series A,60,149,18.8,79
Nyamata Textile,Huye,Series A,43,1513,10,83
Kigali AgriTech,Bugesera,Seed,58,364,35,93
Kivu Green Energy,Bugesera,Seed,52,154,10.3,85
Huye Tech Hub,Rubavu,Seed,50,12619,14.6,77
Gicumbi Dairy,Huye,Series A,32,2981,35,79
Nyarugenge Hydro Power,Huye,Seed,42,100,10,73
Musanze Food Processing,Rubavu,Buyout,31,188,18.9,92
Bugesera Housing Corp,Rubavu,Seed,28,1120,25.1,80
Kigali Health Partners,Rubavu,Growth Equity,36,219,12.7,93
Akagera Express,Kigali,Series A,51,1694,19.7,88
Rwamagana Solar Ltd,Bugesera,Seed,46,442,10,70
Rubavu Eco-Lodge,Huye,Seed,50,172,14.1,77
Nyamata Textile,Kigali,Growth Equity,32,114,17.1,75
Kigali AgriTech,Musanze,Series A,26,181,26.2,83
Kivu Green Energy,Rwamagana,Series A,41,331,35,67
Huye Tech Hub,Musanze,Buyout,39,1261,23.6,93
Gicumbi Dairy,Rubavu,Seed,31,145,18.4,95
Nyarugenge Hydro Power,Kigali,Series A,28,331,35,84
Musanze Food Processing,Rubavu,Series A,31,136,10.5,75
Bugesera Housing Corp,Rwamagana,Series A,30,1670,26,74
Kigali Health Partners,Rubavu,Buyout,35,7150,22.2,67
Akagera Express,Kigali,Seed,33,3804,35,71
Rwamagana Solar Ltd,Musanze,Buyout,30,6719,23.9,72
Rubavu Eco-Lodge,Musanze,Seed,32,184,35,94
Nyamata Textile,Musanze,Growth Equity,40,1609,33.3,93
Kigali AgriTech,Bugesera,Buyout,31,1234,17.4,66
Kivu Green Energy,Rubavu,Series A,36,246,28.4,71
Huye Tech Hub,Bugesera,Series A,33,9549,35,87
Gicumbi Dairy,Kigali,Buyout,57,474,23.6,79
Nyarugenge Hydro Power,Musanze,Growth Equity,45,188,15,83
Musanze Food Processing,Huye,Growth Equity,59,2864,23.7,94
Bugesera Housing Corp,Rubavu,Seed,30,102,35,67
Kigali Health Partners,Rubavu,Series A,33,8123,10.7,85
Akagera Express,Kigali,Growth Equity,52,389,10,91
Rwamagana Solar Ltd,Huye,Series A,83,100,14,84
Rubavu Eco-Lodge,Musanze,Buyout,58,1482,35,90
Nyamata Textile,Rwamagana,Growth Equity,33,380,15.5,95
Kigali AgriTech,Rubavu,Series A,41,2295,21.1,95
Kivu Green Energy,Rwamagana,Seed,31,133,16.5,79
Huye Tech Hub,Bugesera,Buyout,35,375,14.4,76
Gicumbi Dairy,Rubavu,Seed,27,803,35,80
Nyarugenge Hydro Power,Kigali,Growth Equity,57,987,10,68
Musanze Food Processing,Rwamagana,Growth Equity,56,100,35,98
Bugesera Housing Corp,Rwamagana,Buyout,53,1278,29.5,98
Kigali Health Partners,Kigali,Growth Equity,39,2863,35,67
Akagera Express,Huye,Buyout,32,990,10,90
Rwamagana Solar Ltd,Bugesera,Seed,46,648,35,97
Rubavu Eco-Lodge,Musanze,Growth Equity,56,372,10.3,87
Nyamata Textile,Kigali,Buyout,46,6369,24.9,70
Kigali AgriTech,Rwamagana,Series A,29,278,23.1,94
Kivu Green Energy,Rwamagana,Seed,60,352,12.3,71
Huye Tech Hub,Musanze,Series A,33,23763,19.9,98
Gicumbi Dairy,Rubavu,Seed,27,181,19.7,74
Nyarugenge Hydro Power,Musanze,Seed,50,159,10,96
Musanze Food Processing,Bugesera,Series A,45,1443,22,95
Bugesera Housing Corp,Rubavu,Growth Equity,58,325,12.2,79
Kigali Health Partners,Rwamagana,Seed,59,100,10.4,79
Akagera Express,Rwamagana,Growth Equity,58,2638,30.7,97
Rwamagana Solar Ltd,Kigali,Seed,64,143,11.7,66
Rubavu Eco-Lodge,Rubavu,Growth Equity,47,157,25.3,77
Nyamata Textile,Kigali,Growth Equity,40,217,35,65
Kigali AgriTech,Kigali,Series A,36,766,19,71
Kivu Green Energy,Rwamagana,Series A,28,100,35,66
Huye Tech Hub,Rwamagana,Series A,38,125,23.2,73
Gicumbi Dairy,Musanze,Series A,53,1134,35,66
Nyarugenge Hydro Power,Musanze,Series A,46,424,29.3,94
Musanze Food Processing,Rwamagana,Buyout,54,100,35,68
Bugesera Housing Corp,Bugesera,Seed,32,100,10,80
Kigali Health Partners,Rwamagana,Series A,55,721,11.4,66
Akagera Express,Bugesera,Series A,55,238,20.5,77
Rwamagana Solar Ltd,Musanze,Buyout,56,4163,10,82
Rubavu Eco-Lodge,Kigali,Buyout,40,11184,11.3,72
Nyamata Textile,Bugesera,Buyout,44,410,20,94
Kigali AgriTech,Musanze,Growth Equity,32,173,15.8,81
Kivu Green Energy,Huye,Buyout,33,1908,10,80
Huye Tech Hub,Musanze,Series A,41,1381,10,96
Gicumbi Dairy,Rwamagana,Growth Equity,37,164,23.9,90
Nyarugenge Hydro Power,Bugesera,Buyout,58,102,16.8,66
Musanze Food Processing,Kigali,Seed,52,160,19.6,80
Bugesera Housing Corp,Kigali,Growth Equity,49,233,31.9,77
Kigali Health Partners,Bugesera,Growth Equity,44,3806,20.9,93
Akagera Express,Kigali,Series A,28,274,18.4,75
Rwamagana Solar Ltd,Rwamagana,Growth Equity,31,351,15.6,75
Rubavu Eco-Lodge,Rwamagana,Growth Equity,37,4253,10,76
Nyamata Textile,Musanze,Buyout,30,1085,10,90
Kigali AgriTech,Huye,Series A,28,268,34.7,77
Kivu Green Energy,Huye,Series A,46,1650,12.6,98
Huye Tech Hub,Huye,Series A,47,7808,15.7,81
Gicumbi Dairy,Musanze,Seed,35,112,21.2,98
Nyarugenge Hydro Power,Kigali,Series A,80,6583,12.3,65
Musanze Food Processing,Rubavu,Buyout,30,160,30.6,77
Bugesera Housing Corp,Rubavu,Growth Equity,55,3439,10,86
Kigali Health Partners,Rwamagana,Growth Equity,22,1261,11.9,82
Akagera Express,Musanze,Series A,33,699,10,70
Rwamagana Solar Ltd,Huye,Growth Equity,53,128,11.7,98
Rubavu Eco-Lodge,Bugesera,Growth Equity,49,1530,23.1,74
Nyamata Textile,Musanze,Growth Equity,51,135,12.3,65
Kigali AgriTech,Kigali,Growth Equity,41,6100,26.5,79
Kivu Green Energy,Huye,Series A,34,100,14.4,93
Huye Tech Hub,Kigali,Growth Equity,36,440,35,71
Gicumbi Dairy,Kigali,Buyout,35,100,10,73
Nyarugenge Hydro Power,Huye,Series A,29,103,18.3,84
Musanze Food Processing,Kigali,Growth Equity,40,545,35,98
Bugesera Housing Corp,Kigali,Series A,32,974,35,97
Kigali Health Partners,Musanze,Buyout,48,805,10.8,68
Akagera Express,Rwamagana,Series A,59,1133,35,80
Rwamagana Solar Ltd,Kigali,Buyout,35,1454,35,79
Rubavu Eco-Lodge,Huye,Series A,33,223,26.4,95
Nyamata Textile,Rwamagana,Series A,55,8994,26.2,74
Kigali AgriTech,Rwamagana,Seed,41,529,24.4,72
Kivu Green Energy,Huye,Buyout,42,14852,10.7,81
Huye Tech Hub,Huye,Buyout,46,167,10,68
Gicumbi Dairy,Rubavu,Series A,35,139,14.9,68
Nyarugenge Hydro Power,Huye,Series A,28,202,32.1,95
Musanze Food Processing,Rwamagana,Seed,25,1890,22.4,78
Bugesera Housing Corp,Rwamagana,Series A,56,15411,15.7,71
Kigali Health Partners,Huye,Series A,30,735,25,65
Akagera Express,Rubavu,Series A,45,215,20.9,72
Rwamagana Solar Ltd,Musanze,Series A,40,10886,11.1,66
Rubavu Eco-Lodge,Huye,Seed,40,598,10,89
Nyamata Textile,Musanze,Growth Equity,39,1145,29,96
Kigali AgriTech,Kigali,Buyout,48,910,35,81
Kivu Green Energy,Rwamagana,Seed,31,262,35,80
Huye Tech Hub,Kigali,Growth Equity,32,155,12.4,88
Gicumbi Dairy,Huye,Growth Equity,34,686,22.4,66
Nyarugenge Hydro Power,Rwamagana,Buyout,26,555,24,90
Musanze Food Processing,Bugesera,Growth Equity,31,1110,35,88
Bugesera Housing Corp,Kigali,Seed,37,609,13.3,74
Kigali Health Partners,Musanze,Series A,29,3029,10,65
Akagera Express,Kigali,Series A,57,3171,10,69
Rwamagana Solar Ltd,Huye,Series A,47,253,19.2,69
Rubavu Eco-Lodge,Huye,Series A,38,1246,10,66
Nyamata Textile,Bugesera,Seed,48,1192,10,88
Kigali AgriTech,Rubavu,Series A,50,3563,10,78
Kivu Green Energy,Musanze,Series A,33,1258,10,66
Huye Tech Hub,Huye,Growth Equity,28,126,22.7,79
Gicumbi Dairy,Bugesera,Series A,30,666,11,67
Nyarugenge Hydro Power,Rubavu,Seed,52,304,13.4,83
Musanze Food Processing,Musanze,Growth Equity,36,580,21.3,98
Bugesera Housing Corp,Huye,Growth Equity,36,1955,10,85
Kigali Health Partners,Bugesera,Growth Equity,46,1134,10.9,83
Akagera Express,Huye,Seed,57,3350,16.2,78
Rwamagana Solar Ltd,Musanze,Seed,28,1733,27.5,71
Rubavu Eco-Lodge,Rwamagana,Series A,46,100,15.4,75
Nyamata Textile,Rubavu,Seed,55,3434,35,74
Kigali AgriTech,Kigali,Seed,33,4120,25.1,92
Kivu Green Energy,Musanze,Series A,53,166,14.1,78
Huye Tech Hub,Musanze,Seed,41,141,15.4,94
Gicumbi Dairy,Musanze,Series A,60,422,10,75
Nyarugenge Hydro Power,Rwamagana,Buyout,35,2743,25.9,79
Musanze Food Processing,Musanze,Series A,43,149,10,87
Bugesera Housing Corp,Bugesera,Seed,57,101,10,85
Kigali Health Partners,Kigali,Seed,46,3198,19.2,84
Akagera Express,Rwamagana,Seed,31,452,10,90
Rwamagana Solar Ltd,Huye,Seed,53,165,10,82
Rubavu Eco-Lodge,Rubavu,Series A,35,2049,20,86
Nyamata Textile,Kigali,Seed,32,839,10,67
Kigali AgriTech,Bugesera,Series A,48,1267,26.4,74
Kivu Green Energy,Huye,Series A,50,331,35,69
Huye Tech Hub,Kigali,Buyout,40,1236,10,97
Gicumbi Dairy,Rubavu,Seed,42,333,35,83
Nyarugenge Hydro Power,Rubavu,Growth Equity,59,917,30.4,79
Musanze Food Processing,Musanze,Growth Equity,27,1228,10,73
Bugesera Housing Corp,Bugesera,Growth Equity,32,1931,10,73
Kigali Health Partners,Kigali,Series A,35,550,10,65
Akagera Express,Huye,Seed,28,100,33.5,84
Rwamagana Solar Ltd,Musanze,Series A,37,514,29.3,75
Rubavu Eco-Lodge,Huye,Growth Equity,57,1152,22.7,82
Nyamata Textile,Musanze,Buyout,42,1122,14.6,80
Kigali AgriTech,Huye,Series A,55,443,27.6,87
Kivu Green Energy,Huye,Seed,52,2044,23.8,80
Huye Tech Hub,Kigali,Series A,26,132,10,82
Gicumbi Dairy,Musanze,Seed,52,1881,14.4,82
Nyarugenge Hydro Power,Musanze,Seed,26,450,35,96
Musanze Food Processing,Rubavu,Seed,33,102,13.2,77
Bugesera Housing Corp,Bugesera,Seed,24,211,10,70
Kigali Health Partners,Bugesera,Series A,37,268,22.7,70
Akagera Express,Musanze,Seed,28,103,10,74
Rwamagana Solar Ltd,Bugesera,Seed,30,202,35,94
Rubavu Eco-Lodge,Bugesera,Seed,33,100,27,71
Nyamata Textile,Kigali,Buyout,55,259,10,65
Kigali AgriTech,Musanze,Series A,33,1234,30.4,95
Kivu Green Energy,Rwamagana,Buyout,42,452,10,77
Huye Tech Hub,Musanze,Seed,37,965,10.1,74
Gicumbi Dairy,Rwamagana,Series A,59,279,10,67
Nyarugenge Hydro Power,Kigali,Series A,27,105,20.5,80
Musanze Food Processing,Rubavu,Buyout,23,330,25.9,88
Bugesera Housing Corp,Bugesera,Buyout,51,100,10,88
Kigali Health Partners,Musanze,Seed,50,4024,12.2,67
Akagera Express,Huye,Buyout,43,864,35,86
Rwamagana Solar Ltd,Bugesera,Seed,37,611,10,83
Rubavu Eco-Lodge,Rwamagana,Series A,34,4448,35,75
Nyamata Textile,Kigali,Series A,41,3116,10,79
Kigali AgriTech,Bugesera,Series A,26,379,23.9,90
Kivu Green Energy,Rubavu,Series A,49,1505,10,92
Huye Tech Hub,Bugesera,Series A,29,1008,35,97
Gicumbi Dairy,Rwamagana,Seed,30,262,18.6,88
Nyarugenge Hydro Power,Huye,Series A,38,892,35,88
Musanze Food Processing,Kigali,Seed,58,211,10,81
Bugesera Housing Corp,Bugesera,Growth Equity,34,1381,27.9,76
Kigali Health Partners,Huye,Buyout,53,1112,33.2,95
Akagera Express,Musanze,Seed,50,2981,35,83
Rwamagana Solar Ltd,Rwamagana,Buyout,30,545,21.8,98
Rubavu Eco-Lodge,Kigali,Growth Equity,40,743,10,95
Nyamata Textile,Rwamagana,Series A,57,354,35,84
Kigali AgriTech,Musanze,Series A,40,1312,35,74
Kivu Green Energy,Rwamagana,Series A,41,2225,28.5,94
Huye Tech Hub,Musanze,Series A,53,729,29.8,75
Gicumbi Dairy,Rwamagana,Buyout,48,302,22.5,97
Nyarugenge Hydro Power,Bugesera,Growth Equity,32,371,10,91
Musanze Food Processing,Huye,Buyout,34,803,34.2,80
Bugesera Housing Corp,Huye,Seed,46,316,35,67
Kigali Health Partners,Rubavu,Seed,45,188,33.2,67
Akagera Express,Rubavu,Growth Equity,51,116,15.8,71
Rwamagana Solar Ltd,Rwamagana,Seed,31,566,16.4,68
Rubavu Eco-Lodge,Musanze,Growth Equity,47,175,10,76
Nyamata Textile,Musanze,Seed,32,556,12.1,98
Kigali AgriTech,Kigali,Series A,41,177,10,70
Kivu Green Energy,Rwamagana,Series A,37,344,17.8,71
Huye Tech Hub,Bugesera,Growth Equity,27,1309,28.3,88
Gicumbi Dairy,Musanze,Seed,27,158,11.3,71
Nyarugenge Hydro Power,Huye,Buyout,50,521,10,67
Musanze Food Processing,Rubavu,Buyout,31,212,15.9,69
Bugesera Housing Corp,Kigali,Seed,40,13769,13.8,93
Kigali Health Partners,Huye,Seed,43,1529,35,93
Akagera Express,Kigali,Growth Equity,39,894,18.2,68
Rwamagana Solar Ltd,Musanze,Growth Equity,31,2057,11.2,91
Rubavu Eco-Lodge,Musanze,Series A,48,554,11.4,89
Nyamata Textile,Rwamagana,Growth Equity,32,982,10,89
Kigali AgriTech,Bugesera,Growth Equity,47,268,10,90
Kivu Green Energy,Huye,Growth Equity,35,814,13.5,87
Huye Tech Hub,Rwamagana,Seed,42,100,10,78
Gicumbi Dairy,Rwamagana,Series A,47,2096,35,90
Nyarugenge Hydro Power,Musanze,Growth Equity,59,263,35,67
Musanze Food Processing,Rwamagana,Seed,38,3290,10,65
Bugesera Housing Corp,Kigali,Seed,50,1872,20.6,79
Kigali Health Partners,Rubavu,Seed,27,251,28.3,86
Akagera Express,Musanze,Seed,55,116,10,84
Rwamagana Solar Ltd,Musanze,Seed,39,7166,35,69
Rubavu Eco-Lodge,Bugesera,Series A,31,554,10,86
Nyamata Textile,Kigali,Series A,37,4898,15.6,75
Kigali AgriTech,Rubavu,Buyout,28,398,35,98
Kivu Green Energy,Rubavu,Growth Equity,42,539,14.3,87
Huye Tech Hub,Rubavu,Series A,40,2027,10,69
Gicumbi Dairy,Bugesera,Seed,59,771,21.9,86
Nyarugenge Hydro Power,Rwamagana,Growth Equity,40,165,10,68
Musanze Food Processing,Kigali,Series A,43,1032,35,83
Bugesera Housing Corp,Rubavu,Buyout,38,4466,18.8,97
Kigali Health Partners,Rwamagana,Seed,54,100,15.9,91
Akagera Express,Rubavu,Series A,41,5000,12.1,67
Rwamagana Solar Ltd,Rubavu,Seed,55,1076,34.5,75
Rubavu Eco-Lodge,Huye,Seed,33,248,35,81
Nyamata Textile,Kigali,Seed,46,105,10,97
Kigali AgriTech,Musanze,Buyout,36,248,14.4,65
Kivu Green Energy,Rwamagana,Growth Equity,48,213,10,73
Huye Tech Hub,Musanze,Seed,42,205,10,68
Gicumbi Dairy,Kigali,Series A,46,724,33.6,78
Nyarugenge Hydro Power,Rubavu,Buyout,49,1780,10,84
Musanze Food Processing,Bugesera,Seed,36,561,25.4,75
Bugesera Housing Corp,Kigali,Seed,34,244,10.4,70
Kigali Health Partners,Huye,Series A,51,104,10,97
Akagera Express,Bugesera,Buyout,58,409,15.6,69
Rwamagana Solar Ltd,Bugesera,Seed,48,966,14.6,88
Rubavu Eco-Lodge,Rubavu,Seed,41,1120,35,80
Nyamata Textile,Bugesera,Growth Equity,49,589,10,96
Kigali AgriTech,Kigali,Series A,43,8267,11.4,71
Kivu Green Energy,Kigali,Seed,32,355,35,98
Huye Tech Hub,Rwamagana,Seed,54,3771,10,90
Gicumbi Dairy,Musanze,Buyout,33,736,21.1,72
Nyarugenge Hydro Power,Huye,Series A,35,241,29.9,79
Musanze Food Processing,Kigali,Growth Equity,56,250,10.2,81
Bugesera Housing Corp,Huye,Seed,57,939,22.5,97
Kigali Health Partners,Rubavu,Series A,31,27065,35,70
Akagera Express,Huye,Seed,33,816,23.4,69
Rwamagana Solar Ltd,Kigali,Series A,29,2585,10,97
Rubavu Eco-Lodge,Huye,Series A,38,15130,16.7,81
Nyamata Textile,Musanze,Buyout,37,11403,35,93
Kigali AgriTech,Musanze,Growth Equity,33,695,10,70
Kivu Green Energy,Rwamagana,Seed,30,19458,25.8,80
Huye Tech Hub,Bugesera,Seed,31,303,17.7,84
Gicumbi Dairy,Kigali,Series A,28,283,10,69
Nyarugenge Hydro Power,Kigali,Buyout,26,355,35,97
Musanze Food Processing,Kigali,Seed,31,202,35,79
Bugesera Housing Corp,Rubavu,Seed,50,194,18.4,87
Kigali Health Partners,Rubavu,Buyout,45,158,11.9,83
Akagera Express,Musanze,Seed,48,706,10,98
Rwamagana Solar Ltd,Bugesera,Seed,41,100,10.7,75
Rubavu Eco-Lodge,Rubavu,Seed,60,165,35,95
Nyamata Textile,Kigali,Seed,41,438,10,82
Kigali AgriTech,Huye,Series A,43,857,31.5,90
Kivu Green Energy,Bugesera,Series A,36,9369,10.7,91
Huye Tech Hub,Rwamagana,Growth Equity,40,1306,20.1,74
Gicumbi Dairy,Bugesera,Seed,28,982,10,83
Nyarugenge Hydro Power,Bugesera,Series A,27,5391,19.2,93
Musanze Food Processing,Rwamagana,Growth Equity,49,161,18.5,81
Bugesera Housing Corp,Rubavu,Seed,37,100,10,70
Kigali Health Partners,Rwamagana,Growth Equity,31,1507,14.2,67
Akagera Express,Rwamagana,Growth Equity,31,125,35,83
Rwamagana Solar Ltd,Musanze,Series A,31,1454,22.2,95
Rubavu Eco-Lodge,Musanze,Buyout,35,893,10.6,90
Nyamata Textile,Kigali,Buyout,51,10387,11.7,93
Kigali AgriTech,Kigali,Growth Equity,33,5335,10,82
Kivu Green Energy,Rubavu,Series A,30,103,10,84
Huye Tech Hub,Rubavu,Seed,58,509,35,82
Gicumbi Dairy,Rubavu,Growth Equity,34,135,10,94
Nyarugenge Hydro Power,Rwamagana,Growth Equity,45,559,35,72
Musanze Food Processing,Rubavu,Series A,28,298,12.8,70
Bugesera Housing Corp,Huye,Buyout,31,199,19.3,88
Kigali Health Partners,Rubavu,Seed,40,160,17.2,86
Akagera Express,Huye,Seed,30,3585,14.2,91
Rwamagana Solar Ltd,Bugesera,Series A,34,239,35,79
Rubavu Eco-Lodge,Musanze,Series A,40,1052,14,94
Nyamata Textile,Rubavu,Series A,59,1527,14,76
Kigali AgriTech,Huye,Seed,43,1117,25.7,70
Kivu Green Energy,Rwamagana,Growth Equity,41,129,10,65
Huye Tech Hub,Kigali,Series A,33,109,10,75
Gicumbi Dairy,Musanze,Seed,33,4140,13.2,94
Nyarugenge Hydro Power,Rubavu,Seed,36,113,28.4,81
Musanze Food Processing,Rubavu,Growth Equity,32,1359,18.4,72
Bugesera Housing Corp,Musanze,Growth Equity,25,118,22.5,91
Kigali Health Partners,Bugesera,Growth Equity,25,176,24.1,80
Akagera Express,Kigali,Buyout,38,321,10,72
Rwamagana Solar Ltd,Kigali,Buyout,34,236,15.6,75
Rubavu Eco-Lodge,Kigali,Buyout,67,16453,22.3,95
Nyamata Textile,Kigali,Seed,32,163,19.8,94
Kigali AgriTech,Bugesera,Growth Equity,45,7453,35,87
Kivu Green Energy,Rubavu,Seed,33,611,30.4,80
Huye Tech Hub,Rubavu,Buyout,38,4013,19.6,67
Gicumbi Dairy,Huye,Series A,32,1197,29.8,93
Nyarugenge Hydro Power,Bugesera,Series A,54,6202,10,81
Musanze Food Processing,Rwamagana,Growth Equity,51,440,18.6,78
Bugesera Housing Corp,Musanze,Growth Equity,42,219,16.7,94
Kigali Health Partners,Musanze,Buyout,41,3093,10,77
Akagera Express,Huye,Growth Equity,39,3675,10,66
Rwamagana Solar Ltd,Rwamagana,Seed,38,461,35,68
Rubavu Eco-Lodge,Kigali,Buyout,39,1172,35,73
Nyamata Textile,Rubavu,Series A,46,3004,27.7,92
Kigali AgriTech,Musanze,Growth Equity,50,1890,35,75
Kivu Green Energy,Kigali,Buyout,33,186,35,87
Huye Tech Hub,Huye,Growth Equity,37,1733,22.9,74
Gicumbi Dairy,Kigali,Seed,31,8412,10,69
Nyarugenge Hydro Power,Rubavu,Growth Equity,34,272,17.7,67
Musanze Food Processing,Rwamagana,Growth Equity,34,100,26.2,77
Bugesera Housing Corp,Musanze,Series A,36,322,31.7,70
Kigali Health Partners,Kigali,Buyout,40,209,35,96
Akagera Express,Rubavu,Seed,40,1551,31.4,98
Rwamagana Solar Ltd,Rubavu,Growth Equity,41,1166,10.9,93
Rubavu Eco-Lodge,Rubavu,Series A,52,3263,10,94
Nyamata Textile,Bugesera,Series A,40,988,16.9,85
Kigali AgriTech,Rubavu,Buyout,48,528,12.7,80
Kivu Green Energy,Kigali,Series A,33,206,17.5,94
Huye Tech Hub,Rubavu,Growth Equity,44,100,10,75
Gicumbi Dairy,Huye,Seed,55,1079,12.3,80
Nyarugenge Hydro Power,Rwamagana,Seed,51,2762,14.8,98
Musanze Food Processing,Huye,Growth Equity,34,184,23.1,89
Bugesera Housing Corp,Bugesera,Growth Equity,58,6020,25.5,92
Kigali Health Partners,Rubavu,Growth Equity,39,916,10,98
Akagera Express,Rwamagana,Growth Equity,27,3376,10.6,65
Rwamagana Solar Ltd,Rubavu,Series A,55,102,10,88
Rubavu Eco-Lodge,Bugesera,Growth Equity,35,151,13.4,71
Nyamata Textile,Huye,Seed,37,3415,35,81
Kigali AgriTech,Bugesera,Growth Equity,52,296,11.6,89
Kivu Green Energy,Rwamagana,Buyout,41,652,35,76
Huye Tech Hub,Rubavu,Series A,52,2447,35,67
Gicumbi Dairy,Rwamagana,Buyout,34,3823,10,95
Nyarugenge Hydro Power,Musanze,Buyout,53,355,12.6,97
Musanze Food Processing,Bugesera,Buyout,33,3243,35,70
Bugesera Housing Corp,Rwamagana,Seed,47,100,17.4,97
Kigali Health Partners,Kigali,Growth Equity,35,6511,14.4,89
Akagera Express,Kigali,Series A,33,2009,19.1,85
Rwamagana Solar Ltd,Rubavu,Seed,55,3973,22.2,91
Rubavu Eco-Lodge,Rubavu,Growth Equity,58,1113,20.6,88
Nyamata Textile,Kigali,Series A,44,362,10,74
Kigali AgriTech,Musanze,Seed,25,3317,10,97
Kivu Green Energy,Rubavu,Growth Equity,37,5536,10,69
Huye Tech Hub,Musanze,Growth Equity,41,2167,35,76
Gicumbi Dairy,Bugesera,Growth Equity,34,315,35,77
Nyarugenge Hydro Power,Kigali,Series A,36,1694,25,77
Musanze Food Processing,Rubavu,Seed,44,234,10,76
Bugesera Housing Corp,Bugesera,Series A,34,362,35,81
Kigali Health Partners,Musanze,Series A,56,3121,35,80
Akagera Express,Bugesera,Growth Equity,43,488,35,72
Rwamagana Solar Ltd,Rubavu,Seed,28,3512,10,98
Rubavu Eco-Lodge,Huye,Seed,54,1391,26.6,89
Nyamata Textile,Musanze,Seed,37,179,19.1,81
Kigali AgriTech,Musanze,Buyout,59,2113,22.2,78
Kivu Green Energy,Bugesera,Growth Equity,58,643,26.4,90
Huye Tech Hub,Bugesera,Series A,56,1116,18.4,77
Gicumbi Dairy,Kigali,Buyout,32,704,10,73
Nyarugenge Hydro Power,Musanze,Buyout,42,625,12.7,87
Musanze Food Processing,Huye,Growth Equity,52,453,35,91
Bugesera Housing Corp,Bugesera,Series A,46,1064,17.4,86
Kigali Health Partners,Musanze,Series A,37,4013,12.4,68
Akagera Express,Bugesera,Buyout,39,979,10.2,80
Rwamagana Solar Ltd,Rwamagana,Seed,31,414,27.9,77
Rubavu Eco-Lodge,Musanze,Growth Equity,59,100,10,85
Nyamata Textile,Kigali,Buyout,38,1470,35,88
Kigali AgriTech,Kigali,Series A,58,137,10,78
Kivu Green Energy,Bugesera,Buyout,34,773,27.1,97
Huye Tech Hub,Rubavu,Seed,40,442,35,82
Gicumbi Dairy,Kigali,Buyout,20,391,17.2,80
Nyarugenge Hydro Power,Bugesera,Series A,34,309,35,89
Musanze Food Processing,Kigali,Buyout,31,538,13,81
Bugesera Housing Corp,Bugesera,Growth Equity,39,1342,30.3,76
Kigali Health Partners,Musanze,Growth Equity,34,455,26.1,83
Akagera Express,Bugesera,Growth Equity,24,304,22.9,91
Rwamagana Solar Ltd,Bugesera,Series A,41,10858,28.8,72
Rubavu Eco-Lodge,Musanze,Buyout,40,105,21.9,81
Nyamata Textile,Kigali,Seed,45,510,35,85
Kigali AgriTech,Rubavu,Buyout,36,705,20.4,80
Kivu Green Energy,Bugesera,Seed,53,104,10,77
Huye Tech Hub,Musanze,Growth Equity,23,8594,15.8,87
Gicumbi Dairy,Kigali,Series A,42,298,31.4,86
Nyarugenge Hydro Power,Kigali,Series A,48,941,21.5,95
Musanze Food Processing,Bugesera,Series A,34,108,16.9,65
Bugesera Housing Corp,Huye,Buyout,36,570,10.1,65
Kigali Health Partners,Rubavu,Seed,43,620,10,89
Akagera Express,Kigali,Growth Equity,36,539,26,88
Rwamagana Solar Ltd,Huye,Growth Equity,49,554,35,68
Rubavu Eco-Lodge,Musanze,Growth Equity,55,566,28.7,95
Nyamata Textile,Kigali,Seed,53,765,35,78
Kigali AgriTech,Rwamagana,Buyout,42,1094,14.9,95
Kivu Green Energy,Huye,Growth Equity,45,5446,18.7,77
Huye Tech Hub,Rubavu,Buyout,31,1343,10,71
Gicumbi Dairy,Rwamagana,Seed,32,100,13.8,88
Nyarugenge Hydro Power,Kigali,Series A,36,2457,22.8,79
Musanze Food Processing,Rwamagana,Buyout,56,1144,35,75
Bugesera Housing Corp,Rubavu,Buyout,46,1169,10,67
Kigali Health Partners,Rwamagana,Seed,41,331,10,67
Akagera Express,Musanze,Buyout,31,100,14.4,81
Rwamagana Solar Ltd,Kigali,Buyout,32,366,16.8,69
Rubavu Eco-Lodge,Rwamagana,Series A,38,170,14,82
Nyamata Textile,Huye,Series A,49,25924,10,95
Kigali AgriTech,Huye,Seed,46,638,11.8,97
Kivu Green Energy,Kigali,Buyout,29,634,35,78
Huye Tech Hub,Huye,Seed,36,2423,11.1,87
Gicumbi Dairy,Rwamagana,Series A,38,1952,29.8,90
Nyarugenge Hydro Power,Huye,Buyout,53,2747,12.1,92
Musanze Food Processing,Kigali,Seed,43,2867,31.7,78
Bugesera Housing Corp,Rubavu,Series A,41,276,10,67
Kigali Health Partners,Rwamagana,Growth Equity,42,9820,10,96
Akagera Express,Musanze,Buyout,55,1713,29.6,94
Rwamagana Solar Ltd,Bugesera,Buyout,39,3003,25.9,77
Rubavu Eco-Lodge,Rwamagana,Seed,30,181,12.1,74
Nyamata Textile,Huye,Seed,41,880,35,87
Kigali AgriTech,Kigali,Seed,44,278,12.6,77
Kivu Green Energy,Kigali,Series A,58,399,12,98
Huye Tech Hub,Musanze,Growth Equity,35,385,13.6,91
Gicumbi Dairy,Huye,Buyout,27,972,35,92
Nyarugenge Hydro Power,Rwamagana,Seed,34,1437,33,93
Musanze Food Processing,Kigali,Buyout,25,172,30.5,98
Bugesera Housing Corp,Bugesera,Buyout,36,100,33.2,96
Kigali Health Partners,Bugesera,Series A,38,488,35,73
Akagera Express,Rwamagana,Buyout,30,111,15.7,97
Rwamagana Solar Ltd,Rubavu,Buyout,47,635,10,82
Rubavu Eco-Lodge,Huye,Buyout,41,887,29.7,69
Nyamata Textile,Bugesera,Growth Equity,36,3443,30.7,96
Kigali AgriTech,Huye,Series A,63,4004,25,83
Kivu Green Energy,Bugesera,Buyout,23,836,11.9,94
Huye Tech Hub,Kigali,Buyout,32,1490,11.6,83
Gicumbi Dairy,Rwamagana,Seed,57,908,27.4,70
Nyarugenge Hydro Power,Kigali,Series A,48,1247,35,76
Musanze Food Processing,Rubavu,Growth Equity,49,1222,14.3,74
Bugesera Housing Corp,Rubavu,Series A,50,668,35,87
Kigali Health Partners,Bugesera,Growth Equity,33,1265,35,75
Akagera Express,Huye,Buyout,53,1005,21.3,68
Rwamagana Solar Ltd,Kigali,Seed,30,100,35,68
Rubavu Eco-Lodge,Musanze,Seed,38,840,25.9,74
Nyamata Textile,Huye,Growth Equity,44,8362,20.1,85
Kigali AgriTech,Rubavu,Growth Equity,39,114,10,67
Kivu Green Energy,Huye,Seed,45,7208,10,75
Huye Tech Hub,Rwamagana,Seed,36,1149,22.4,81
Gicumbi Dairy,Bugesera,Seed,38,100,10,86
Nyarugenge Hydro Power,Huye,Buyout,36,519,25.1,90
Musanze Food Processing,Rubavu,Growth Equity,30,826,10,92
Bugesera Housing Corp,Rubavu,Series A,28,694,10,73
Kigali Health Partners,Musanze,Series A,26,554,10,78
Akagera Express,Huye,Seed,54,2306,10.4,71
Rwamagana Solar Ltd,Musanze,Buyout,38,2088,16.4,76
Rubavu Eco-Lodge,Rubavu,Growth Equity,32,100,26.8,98
Nyamata Textile,Huye,Growth Equity,50,302,14.8,67
Kigali AgriTech,Bugesera,Seed,43,767,22.8,71
Kivu Green Energy,Kigali,Buyout,48,212,13.9,94
Huye Tech Hub,Huye,Series A,57,150,10,65
Gicumbi Dairy,Rwamagana,Growth Equity,64,868,25,84
Nyarugenge Hydro Power,Musanze,Growth Equity,26,174,10.6,75
Musanze Food Processing,Musanze,Growth Equity,33,761,35,71
Bugesera Housing Corp,Rwamagana,Growth Equity,50,3125,16.8,89
Kigali Health Partners,Rubavu,Series A,47,851,35,79
Akagera Express,Kigali,Series A,39,516,10,67
Rwamagana Solar Ltd,Rubavu,Series A,52,114,10,94
Rubavu Eco-Lodge,Kigali,Growth Equity,31,602,10,98
Nyamata Textile,Bugesera,Growth Equity,50,100,10,69
Kigali AgriTech,Huye,Buyout,47,699,10,85
Kivu Green Energy,Rubavu,Growth Equity,30,318,10,86
Huye Tech Hub,Rwamagana,Buyout,32,1112,17.8,95
Gicumbi Dairy,Huye,Series A,36,400,28.7,73
Nyarugenge Hydro Power,Musanze,Growth Equity,46,317,14.1,84
Musanze Food Processing,Huye,Series A,45,2196,12.7,94
Bugesera Housing Corp,Huye,Buyout,37,100,10,67
Kigali Health Partners,Huye,Series A,58,5378,35,73
Akagera Express,Rwamagana,Series A,59,1931,12.2,67
Rwamagana Solar Ltd,Kigali,Buyout,28,1580,14.3,97
Rubavu Eco-Lodge,Rwamagana,Buyout,48,7389,31.6,71
Nyamata Textile,Kigali,Seed,55,1765,10,93
Kigali AgriTech,Bugesera,Buyout,37,951,15.1,66
Kivu Green Energy,Musanze,Series A,41,2985,10,89
Huye Tech Hub,Musanze,Series A,35,237,10,83
Gicumbi Dairy,Musanze,Seed,34,1339,10,87
Nyarugenge Hydro Power,Huye,Growth Equity,43,246,10,75
Musanze Food Processing,Rwamagana,Growth Equity,59,101,15.9,96
Bugesera Housing Corp,Kigali,Growth Equity,50,110,35,68
Kigali Health Partners,Huye,Buyout,37,580,34.4,69
Akagera Express,Bugesera,Series A,35,2889,25.6,94
Rwamagana Solar Ltd,Rubavu,Series A,50,3997,29.8,67
Rubavu Eco-Lodge,Kigali,Series A,36,587,26.8,86
Nyamata Textile,Musanze,Buyout,41,5210,23.1,87
Kigali AgriTech,Rwamagana,Growth Equity,28,418,10,85
Kivu Green Energy,Huye,Seed,42,511,10,96
Huye Tech Hub,Musanze,Seed,60,4920,35,90
Gicumbi Dairy,Kigali,Series A,28,5037,35,95
Nyarugenge Hydro Power,Huye,Series A,48,825,10.5,83
Musanze Food Processing,Huye,Series A,51,5503,10,90
Bugesera Housing Corp,Bugesera,Seed,32,4189,11.4,72
Kigali Health Partners,Rubavu,Buyout,35,288,28.6,65
Akagera Express,Huye,Buyout,37,289,23.8,79
Rwamagana Solar Ltd,Rubavu,Series A,38,3098,10,72
Rubavu Eco-Lodge,Musanze,Seed,77,710,35,89
Nyamata Textile,Musanze,Series A,32,887,10,74
Kigali AgriTech,Kigali,Growth Equity,43,267,21.1,85
Kivu Green Energy,Rwamagana,Growth Equity,36,343,16,92
Huye Tech Hub,Bugesera,Buyout,29,977,16.6,88
Gicumbi Dairy,Bugesera,Series A,32,2917,19.5,72
Nyarugenge Hydro Power,Bugesera,Buyout,41,4667,10.6,80
Musanze Food Processing,Rwamagana,Seed,26,227,10,65
Bugesera Housing Corp,Kigali,Growth Equity,34,276,10,93
Kigali Health Partners,Kigali,Growth Equity,57,100,35,87
Akagera Express,Bugesera,Seed,36,1582,17.7,93
Rwamagana Solar Ltd,Huye,Buyout,42,3152,10,75
Rubavu Eco-Lodge,Musanze,Series A,35,156,10,97
Nyamata Textile,Rubavu,Buyout,52,378,35,76
Kigali AgriTech,Rwamagana,Seed,36,3975,10,79
Kivu Green Energy,Bugesera,Buyout,46,437,11.2,87
Huye Tech Hub,Musanze,Series A,60,466,35,66
Gicumbi Dairy,Bugesera,Buyout,57,601,10,68
Nyarugenge Hydro Power,Rubavu,Series A,48,1098,12.1,85
Musanze Food Processing,Huye,Seed,59,100,10,73
Bugesera Housing Corp,Rubavu,Growth Equity,39,346,10,77
Kigali Health Partners,Bugesera,Buyout,44,282,10,91
Akagera Express,Rwamagana,Buyout,27,546,20.5,67
Rwamagana Solar Ltd,Huye,Buyout,59,1273,10,82
Rubavu Eco-Lodge,Rubavu,Seed,36,6057,13.8,98
Nyamata Textile,Rubavu,Growth Equity,44,305,28.9,92
Kigali AgriTech,Kigali,Growth Equity,50,100,10,84
Kivu Green Energy,Rwamagana,Growth Equity,41,469,10,71
Huye Tech Hub,Huye,Series A,47,2034,22.5,98
Gicumbi Dairy,Bugesera,Seed,32,359,35,77
Nyarugenge Hydro Power,Huye,Series A,38,384,35,77
Musanze Food Processing,Musanze,Buyout,55,123,12.3,92
Bugesera Housing Corp,Kigali,Seed,38,1473,11.9,72
Kigali Health Partners,Bugesera,Buyout,31,162,17.5,74
Akagera Express,Bugesera,Buyout,38,257,29.9,69
Rwamagana Solar Ltd,Kigali,Growth Equity,29,1091,35,65
Rubavu Eco-Lodge,Musanze,Growth Equity,55,286,24.1,68
Nyamata Textile,Rwamagana,Seed,35,1077,10,78
Kigali AgriTech,Rwamagana,Buyout,40,2993,10,75
Kivu Green Energy,Kigali,Series A,34,1997,35,68
Huye Tech Hub,Huye,Series A,32,5614,31.9,65
Gicumbi Dairy,Huye,Series A,33,989,10,95
Nyarugenge Hydro Power,Rwamagana,Growth Equity,33,373,35,86
Musanze Food Processing,Bugesera,Buyout,37,1293,35,98
Bugesera Housing Corp,Rubavu,Growth Equity,58,2829,18.8,94
Kigali Health Partners,Huye,Seed,36,100,35,81
Akagera Express,Bugesera,Seed,42,330,17.5,81
Rwamagana Solar Ltd,Kigali,Series A,34,2829,35,87
Rubavu Eco-Lodge,Kigali,Series A,35,417,16.2,94
Nyamata Textile,Bugesera,Series A,60,617,35,67
Kigali AgriTech,Bugesera,Growth Equity,50,570,35,69
Kivu Green Energy,Rubavu,Growth Equity,28,4679,35,71
Huye Tech Hub,Bugesera,Growth Equity,27,101,11.6,65
Gicumbi Dairy,Bugesera,Series A,37,5206,24.4,77
Nyarugenge Hydro Power,Bugesera,Series A,31,736,35,88
Musanze Food Processing,Huye,Seed,34,1176,15.2,73
Bugesera Housing Corp,Kigali,Seed,38,226,16.4,80
Kigali Health Partners,Rubavu,Growth Equity,32,133,23.4,98
Akagera Express,Bugesera,Buyout,37,530,15.4,89
Rwamagana Solar Ltd,Huye,Seed,33,106,35,71
Rubavu Eco-Lodge,Huye,Buyout,71,483,32.7,69
Nyamata Textile,Rwamagana,Buyout,27,230,26.5,68
Kigali AgriTech,Bugesera,Buyout,38,2669,17.2,75
Kivu Green Energy,Rubavu,Buyout,34,301,25.7,66
Huye Tech Hub,Rwamagana,Growth Equity,54,100,35,66
Gicumbi Dairy,Rwamagana,Buyout,30,106,24.1,65
Nyarugenge Hydro Power,Kigali,Series A,35,575,35,75
Musanze Food Processing,Musanze,Growth Equity,33,806,32.9,74
Bugesera Housing Corp,Kigali,Seed,36,1925,10,94
Kigali Health Partners,Musanze,Series A,59,285,17.7,89
Akagera Express,Musanze,Buyout,72,4515,12,77
Rwamagana Solar Ltd,Musanze,Series A,64,779,13.5,95
Rubavu Eco-Lodge,Musanze,Series A,53,420,17.5,74
Nyamata Textile,Musanze,Seed,35,3088,17.9,66
Kigali AgriTech,Bugesera,Seed,58,1507,10,72
Kivu Green Energy,Bugesera,Buyout,40,1370,34.2,88
Huye Tech Hub,Huye,Series A,41,754,13.9,73
Gicumbi Dairy,Rubavu,Seed,48,5273,10,93
Nyarugenge Hydro Power,Rwamagana,Buyout,44,3563,21,71
Musanze Food Processing,Kigali,Growth Equity,39,100,35,80
Bugesera Housing Corp,Bugesera,Buyout,61,6116,35,72
Kigali Health Partners,Bugesera,Buyout,36,277,10,85
Akagera Express,Kigali,Seed,28,3794,10,95
Rwamagana Solar Ltd,Musanze,Seed,58,1740,10,76
Rubavu Eco-Lodge,Rubavu,Seed,60,274,24.1,72
Nyamata Textile,Musanze,Growth Equity,66,10277,27.2,89
Kigali AgriTech,Kigali,Buyout,36,590,20.7,71
Kivu Green Energy,Rubavu,Series A,49,2676,10,81
Huye Tech Hub,Bugesera,Buyout,40,100,35,69
Gicumbi Dairy,Rubavu,Series A,23,698,16.6,67
Nyarugenge Hydro Power,Rubavu,Buyout,29,15559,24.5,96
Musanze Food Processing,Rwamagana,Buyout,44,371,10,89
Bugesera Housing Corp,Huye,Series A,54,2608,10,88
Kigali Health Partners,Rwamagana,Series A,47,420,20.3,70
Akagera Express,Kigali,Buyout,33,740,31.8,88
Rwamagana Solar Ltd,Huye,Seed,30,1872,15.8,69
Rubavu Eco-Lodge,Kigali,Buyout,27,115,17.7,79
Nyamata Textile,Bugesera,Buyout,49,2470,10,68
Kigali AgriTech,Rwamagana,Seed,27,301,17.2,73
Kivu Green Energy,Rwamagana,Growth Equity,51,260,13.6,72
Huye Tech Hub,Rwamagana,Growth Equity,32,105,10,73
Gicumbi Dairy,Rubavu,Buyout,30,175,12.3,80
Nyarugenge Hydro Power,Huye,Growth Equity,33,5002,11,92
Musanze Food Processing,Rubavu,Series A,27,179,35,82
Bugesera Housing Corp,Musanze,Buyout,75,1441,35,77
Kigali Health Partners,Bugesera,Seed,37,590,10,71
Akagera Express,Rubavu,Growth Equity,36,1621,24.3,92
Rwamagana Solar Ltd,Musanze,Growth Equity,37,231,13.7,96
Rubavu Eco-Lodge,Bugesera,Growth Equity,35,108,10,97
Nyamata Textile,Rwamagana,Seed,32,732,10,85
Kigali AgriTech,Rubavu,Series A,32,216,25.5,76
Kivu Green Energy,Huye,Seed,35,289,10,78
Huye Tech Hub,Huye,Growth Equity,31,102,11.2,65
Gicumbi Dairy,Kigali,Growth Equity,28,4329,20.5,76
Nyarugenge Hydro Power,Rubavu,Series A,27,154,10,83
Musanze Food Processing,Huye,Series A,22,649,15.4,96
Bugesera Housing Corp,Huye,Buyout,35,398,13.5,79
Kigali Health Partners,Huye,Seed,69,679,23,74
Akagera Express,Bugesera,Buyout,37,1567,34.9,85
Rwamagana Solar Ltd,Huye,Buyout,45,100,10,84
Rubavu Eco-Lodge,Rwamagana,Growth Equity,47,209,26.8,71
Nyamata Textile,Kigali,Series A,52,111,10,97
Kigali AgriTech,Rubavu,Series A,33,190,26.3,86
Kivu Green Energy,Kigali,Growth Equity,60,593,35,98
Huye Tech Hub,Rwamagana,Series A,33,1997,19.7,77
Gicumbi Dairy,Musanze,Series A,44,2503,18,81
Nyarugenge Hydro Power,Kigali,Buyout,38,968,35,98
Musanze Food Processing,Bugesera,Buyout,54,753,35,83
Bugesera Housing Corp,Rwamagana,Series A,32,100,17.5,68
Kigali Health Partners,Musanze,Buyout,33,100,16.3,96
Akagera Express,Kigali,Buyout,55,318,20,67
Rwamagana Solar Ltd,Musanze,Seed,51,5150,10,71
Rubavu Eco-Lodge,Huye,Series A,48,841,22.7,78
Nyamata Textile,Rwamagana,Growth Equity,37,1150,35,68
Kigali AgriTech,Huye,Growth Equity,33,156,11.9,71
Kivu Green Energy,Bugesera,Series A,30,101,10,96
Huye Tech Hub,Huye,Seed,43,198,11.2,94
Gicumbi Dairy,Huye,Buyout,49,4767,13,72
Nyarugenge Hydro Power,Huye,Growth Equity,54,641,23.7,75
Musanze Food Processing,Kigali,Buyout,31,7844,35,76
Bugesera Housing Corp,Musanze,Seed,54,995,33.5,65
Kigali Health Partners,Musanze,Series A,36,229,12.1,87
Akagera Express,Rwamagana,Seed,30,100,12.7,84
Rwamagana Solar Ltd,Rwamagana,Seed,27,258,35,82
Rubavu Eco-Lodge,Rubavu,Series A,30,222,10.7,68
Nyamata Textile,Kigali,Series A,30,773,35,77
Kigali AgriTech,Huye,Buyout,35,100,12.4,65
Kivu Green Energy,Rwamagana,Series A,33,511,21.6,90
Huye Tech Hub,Rubavu,Buyout,43,197,35,73
Gicumbi Dairy,Kigali,Growth Equity,41,317,31.3,75
Nyarugenge Hydro Power,Musanze,Seed,41,5137,25.2,74
Musanze Food Processing,Bugesera,Buyout,46,2332,12.1,92
Bugesera Housing Corp,Musanze,Series A,54,1032,35,87
Kigali Health Partners,Rwamagana,Buyout,32,1013,35,96
Akagera Express,Rubavu,Seed,30,336,19.7,87
Rwamagana Solar Ltd,Bugesera,Series A,40,100,27.1,95
Rubavu Eco-Lodge,Rubavu,Series A,30,2681,22.1,72
Nyamata Textile,Kigali,Series A,27,739,24.3,81
Kigali AgriTech,Huye,Seed,41,949,10,83
Kivu Green Energy,Rubavu,Series A,54,486,15.5,92
Huye Tech Hub,Bugesera,Growth Equity,32,1318,10,67
Gicumbi Dairy,Bugesera,Buyout,31,2703,28,86
Nyarugenge Hydro Power,Huye,Seed,42,1021,11.5,94
Musanze Food Processing,Rwamagana,Growth Equity,48,707,10,72
Bugesera Housing Corp,Rubavu,Growth Equity,34,179,35,66
Kigali Health Partners,Kigali,Seed,55,161,11.3,75
Akagera Express,Bugesera,Seed,49,1191,10,88
Rwamagana Solar Ltd,Kigali,Series A,46,843,10,72
Rubavu Eco-Lodge,Rubavu,Seed,47,309,13.5,90
Nyamata Textile,Bugesera,Series A,24,272,10,93
Kigali AgriTech,Huye,Series A,58,102,35,97
Kivu Green Energy,Rubavu,Buyout,32,141,35,93
Huye Tech Hub,Rwamagana,Seed,25,1216,17,82
Gicumbi Dairy,Kigali,Buyout,49,155,15,96
Nyarugenge Hydro Power,Rubavu,Series A,59,5945,35,91
Musanze Food Processing,Kigali,Series A,30,429,12.2,68
Bugesera Housing Corp,Huye,Buyout,46,594,35,74
Kigali Health Partners,Kigali,Buyout,42,1619,23,70
Akagera Express,Musanze,Series A,37,2785,18.7,73
Rwamagana Solar Ltd,Huye,Buyout,44,114,17.9,97
Rubavu Eco-Lodge,Rubavu,Seed,49,5773,35,79
Nyamata Textile,Bugesera,Growth Equity,41,1559,10,67
Kigali AgriTech,Rwamagana,Growth Equity,48,100,17.6,91
Kivu Green Energy,Rubavu,Series A,31,725,35,96
Huye Tech Hub,Huye,Series A,37,100,11.5,71
Gicumbi Dairy,Rubavu,Buyout,51,967,17.7,78
Nyarugenge Hydro Power,Musanze,Buyout,80,8404,35,76
Musanze Food Processing,Huye,Series A,32,251,11.8,95
Bugesera Housing Corp,Huye,Seed,48,683,10,81
Kigali Health Partners,Musanze,Growth Equity,49,1884,35,84
Akagera Express,Musanze,Seed,30,3234,12.4,94
Rwamagana Solar Ltd,Bugesera,Seed,27,149,20.8,92
Rubavu Eco-Lodge,Kigali,Seed,34,446,13.6,88
Nyamata Textile,Rubavu,Seed,49,1723,35,90
Kigali AgriTech,Kigali,Growth Equity,48,160,35,80
Kivu Green Energy,Huye,Series A,40,117,10,83
Huye Tech Hub,Rubavu,Buyout,38,2108,35,87
Gicumbi Dairy,Huye,Buyout,46,191,10,89
Nyarugenge Hydro Power,Rwamagana,Buyout,41,271,20.9,96
Musanze Food Processing,Bugesera,Seed,28,1127,35,90
Bugesera Housing Corp,Huye,Growth Equity,51,5901,14.7,97
Kigali Health Partners,Rwamagana,Buyout,33,242,10,92
Akagera Express,Huye,Seed,26,305,11.1,73
Rwamagana Solar Ltd,Huye,Seed,34,952,10.8,94
Rubavu Eco-Lodge,Rwamagana,Buyout,27,684,35,83
Nyamata Textile,Bugesera,Series A,42,197,10.8,86
Kigali AgriTech,Rubavu,Buyout,45,304,22.4,69
Kivu Green Energy,Musanze,Series A,31,728,35,88
Huye Tech Hub,Kigali,Buyout,32,411,35,92
Gicumbi Dairy,Rubavu,Growth Equity,39,1664,10,65
Nyarugenge Hydro Power,Huye,Seed,26,956,10,66
Musanze Food Processing,Rwamagana,Buyout,40,1609,14.4,71
Bugesera Housing Corp,Kigali,Series A,52,988,13.5,66
Kigali Health Partners,Huye,Series A,40,326,17.6,94
Akagera Express,Rubavu,Growth Equity,48,227,35,66
Rwamagana Solar Ltd,Huye,Series A,31,513,10,68
Rubavu Eco-Lodge,Bugesera,Series A,27,810,35,78
Nyamata Textile,Kigali,Buyout,47,1333,10,80
Kigali AgriTech,Bugesera,Buyout,28,271,10,81
Kivu Green Energy,Kigali,Growth Equity,40,169,35,74
Huye Tech Hub,Bugesera,Growth Equity,34,1599,18.6,92
Gicumbi Dairy,Musanze,Seed,29,851,12.1,82
Nyarugenge Hydro Power,Musanze,Buyout,36,161,35,85
Musanze Food Processing,Rwamagana,Series A,83,525,35,73
Bugesera Housing Corp,Kigali,Buyout,55,3023,10.4,85
Kigali Health Partners,Kigali,Seed,43,199,10,82
Akagera Express,Rubavu,Seed,23,1121,10,97
Rwamagana Solar Ltd,Kigali,Buyout,44,1246,17.8,84
Rubavu Eco-Lodge,Huye,Series A,58,881,10,68
Nyamata Textile,Musanze,Buyout,29,1548,21.7,92
Kigali AgriTech,Rwamagana,Seed,30,704,35,89
Kivu Green Energy,Rubavu,Growth Equity,29,294,12.7,81
Huye Tech Hub,Rwamagana,Series A,41,100,10.1,84
Gicumbi Dairy,Musanze,Growth Equity,35,100,34,87
Nyarugenge Hydro Power,Huye,Series A,31,1114,15.8,98
Musanze Food Processing,Bugesera,Buyout,27,173,24.2,89
Bugesera Housing Corp,Kigali,Buyout,47,2697,32.3,90
Kigali Health Partners,Rubavu,Seed,53,2727,10,84
Akagera Express,Musanze,Series A,34,2006,10,94
Rwamagana Solar Ltd,Bugesera,Series A,34,419,13.4,73
Rubavu Eco-Lodge,Rubavu,Series A,36,396,11.3,73
Nyamata Textile,Rwamagana,Seed,40,269,10,84
Kigali AgriTech,Bugesera,Seed,37,656,20,81
Kivu Green Energy,Kigali,Growth Equity,65,400,24.5,75
Huye Tech Hub,Bugesera,Buyout,53,851,34.3,88
Gicumbi Dairy,Musanze,Growth Equity,28,226,22.9,96
Nyarugenge Hydro Power,Musanze,Series A,33,486,35,78
Musanze Food Processing,Rubavu,Growth Equity,56,479,10,76
Bugesera Housing Corp,Huye,Buyout,45,806,10,88
Kigali Health Partners,Musanze,Buyout,39,9221,14.7,72
Akagera Express,Huye,Series A,28,1566,10,77
Rwamagana Solar Ltd,Huye,Seed,36,100,35,96
Rubavu Eco-Lodge,Musanze,Growth Equity,41,1051,10,83
Nyamata Textile,Rwamagana,Buyout,46,468,29.3,70
Kigali AgriTech,Kigali,Series A,41,221,10,67
Kivu Green Energy,Huye,Growth Equity,59,304,28.6,72
Huye Tech Hub,Rwamagana,Series A,24,399,20.9,66
Gicumbi Dairy,Huye,Series A,34,4270,35,67
Nyarugenge Hydro Power,Rubavu,Seed,40,435,26,85
Musanze Food Processing,Huye,Series A,42,3265,29.8,79
Bugesera Housing Corp,Rubavu,Seed,50,354,35,78
Kigali Health Partners,Rwamagana,Seed,25,653,11.3,80
Akagera Express,Musanze,Seed,51,618,10,76
Rwamagana Solar Ltd,Bugesera,Buyout,50,185,14.1,96
Rubavu Eco-Lodge,Kigali,Seed,37,703,35,65
Nyamata Textile,Rwamagana,Buyout,21,461,32.9,77
Kigali AgriTech,Rwamagana,Seed,52,198,35,83
Kivu Green Energy,Rwamagana,Buyout,55,4524,10,77
Huye Tech Hub,Huye,Series A,26,2710,35,95
Gicumbi Dairy,Rwamagana,Growth Equity,38,3334,35,68
Nyarugenge Hydro Power,Rwamagana,Buyout,32,787,10,98
Musanze Food Processing,Bugesera,Buyout,31,731,24.8,80
Bugesera Housing Corp,Huye,Series A,34,441,13.6,92
Kigali Health Partners,Rwamagana,Seed,33,416,12.6,81
Akagera Express,Rubavu,Buyout,35,102,35,78
Rwamagana Solar Ltd,Kigali,Buyout,44,515,10,85
Rubavu Eco-Lodge,Musanze,Series A,48,607,35,83
Nyamata Textile,Rubavu,Growth Equity,29,1012,35,78
Kigali AgriTech,Rubavu,Series A,50,100,24.3,95
Kivu Green Energy,Huye,Growth Equity,37,137,10,90
Huye Tech Hub,Musanze,Buyout,44,2624,10,72
Gicumbi Dairy,Rwamagana,Growth Equity,36,9119,35,87
Nyarugenge Hydro Power,Huye,Series A,49,139,10,65
Musanze Food Processing,Musanze,Series A,31,100,14.3,84
Bugesera Housing Corp,Bugesera,Seed,49,365,27.4,94
Kigali Health Partners,Kigali,Series A,35,100,35,91
Akagera Express,Rwamagana,Seed,57,4112,35,84
Rwamagana Solar Ltd,Kigali,Growth Equity,42,1620,11.5,94
Rubavu Eco-Lodge,Musanze,Growth Equity,36,240,22.2,73
Nyamata Textile,Huye,Growth Equity,75,952,34.1,67
Kigali AgriTech,Huye,Buyout,38,678,11.2,86
Kivu Green Energy,Musanze,Buyout,40,100,10,95
Huye Tech Hub,Kigali,Series A,38,2353,35,80
Gicumbi Dairy,Bugesera,Seed,34,1271,12.9,84
Nyarugenge Hydro Power,Musanze,Buyout,29,552,10,90
Musanze Food Processing,Rwamagana,Series A,28,197,10,81
Bugesera Housing Corp,Huye,Growth Equity,79,4838,15.1,69
Kigali Health Partners,Musanze,Growth Equity,51,567,10,72
Akagera Express,Bugesera,Growth Equity,32,100,10.1,91
Rwamagana Solar Ltd,Rubavu,Growth Equity,36,595,15.7,74
Rubavu Eco-Lodge,Kigali,Growth Equity,38,257,10,79
Nyamata Textile,Rwamagana,Buyout,49,458,17.6,74
Kigali AgriTech,Bugesera,Seed,42,392,22.2,86
Kivu Green Energy,Rwamagana,Buyout,43,7443,21.7,91
Huye Tech Hub,Bugesera,Growth Equity,34,663,25.2,98
Gicumbi Dairy,Huye,Series A,59,451,35,78
Nyarugenge Hydro Power,Kigali,Seed,35,465,10,76
Musanze Food Processing,Rwamagana,Buyout,33,13594,10,98
Bugesera Housing Corp,Rubavu,Buyout,34,946,35,93
Kigali Health Partners,Bugesera,Buyout,64,1674,30.1,71
Akagera Express,Bugesera,Buyout,34,128,35,88
Rwamagana Solar Ltd,Musanze,Growth Equity,77,100,35,75
Rubavu Eco-Lodge,Bugesera,Seed,57,3027,10,89
Nyamata Textile,Huye,Buyout,30,601,35,85
Kigali AgriTech,Musanze,Buyout,56,1338,35,92
Kivu Green Energy,Bugesera,Seed,49,401,35,91
Huye Tech Hub,Musanze,Seed,73,1488,14.6,91
Gicumbi Dairy,Bugesera,Growth Equity,39,202,27.2,71
Nyarugenge Hydro Power,Rwamagana,Buyout,57,113,32.3,91
Musanze Food Processing,Musanze,Series A,32,513,35,96
Bugesera Housing Corp,Kigali,Seed,32,4765,35,90
Kigali Health Partners,Rwamagana,Seed,45,738,10,97
Akagera Express,Kigali,Growth Equity,32,201,19.1,98
Rwamagana Solar Ltd,Huye,Seed,31,1324,35,91
Rubavu Eco-Lodge,Musanze,Seed,49,1203,35,90
Nyamata Textile,Kigali,Series A,29,3848,32.2,67
Kigali AgriTech,Musanze,Growth Equity,55,1055,10.4,66
Kivu Green Energy,Musanze,Buyout,30,618,12.7,94
Huye Tech Hub,Kigali,Series A,45,1993,35,65
Gicumbi Dairy,Musanze,Growth Equity,39,114,11.4,67
Nyarugenge Hydro Power,Kigali,Buyout,36,523,10.6,73
Musanze Food Processing,Huye,Series A,33,3796,30.5,92
Bugesera Housing Corp,Rwamagana,Buyout,36,3087,30.7,91
Kigali Health Partners,Rubavu,Series A,31,533,35,71
Akagera Express,Rwamagana,Buyout,36,856,35,96
Rwamagana Solar Ltd,Musanze,Growth Equity,38,100,10,65
Rubavu Eco-Lodge,Musanze,Growth Equity,33,2827,20.5,90
Nyamata Textile,Rubavu,Seed,40,193,13.4,87
Kigali AgriTech,Kigali,Series A,31,1866,16.6,91
Kivu Green Energy,Bugesera,Buyout,39,224,10,72
Huye Tech Hub,Rubavu,Seed,33,169,10,78
Gicumbi Dairy,Rwamagana,Series A,53,100,10,73
Nyarugenge Hydro Power,Kigali,Series A,38,100,35,92
Musanze Food Processing,Huye,Growth Equity,59,359,35,85
Bugesera Housing Corp,Kigali,Series A,55,4203,29.1,82
Kigali Health Partners,Bugesera,Growth Equity,38,844,28.3,89
Akagera Express,Musanze,Growth Equity,48,216,10,97
Rwamagana Solar Ltd,Rubavu,Series A,53,170,35,87
Rubavu Eco-Lodge,Rubavu,Buyout,44,532,13.2,73
Nyamata Textile,Huye,Growth Equity,57,1272,10,81
Kigali AgriTech,Bugesera,Growth Equity,29,109,26.2,93
Kivu Green Energy,Rwamagana,Buyout,31,528,27.2,89
Huye Tech Hub,Rubavu,Seed,35,7646,13.7,80
Gicumbi Dairy,Bugesera,Buyout,31,720,10,66
Nyarugenge Hydro Power,Musanze,Series A,35,8747,14,66
Musanze Food Processing,Bugesera,Buyout,40,292,10,77
Bugesera Housing Corp,Rwamagana,Growth Equity,39,100,35,93
Kigali Health Partners,Rubavu,Buyout,43,27833,16.4,86
Akagera Express,Kigali,Series A,44,376,21.9,81
Rwamagana Solar Ltd,Musanze,Buyout,29,213,32.8,66
Rubavu Eco-Lodge,Bugesera,Series A,40,882,22.4,95
Nyamata Textile,Kigali,Seed,33,182,10,93
Kigali AgriTech,Rubavu,Seed,46,1108,10,98
Kivu Green Energy,Huye,Buyout,27,6521,14.7,85
Huye Tech Hub,Musanze,Buyout,26,543,10,92
Gicumbi Dairy,Bugesera,Series A,41,451,17.5,89
Nyarugenge Hydro Power,Rubavu,Series A,34,5160,10,78
Musanze Food Processing,Rubavu,Series A,39,141,10,68
Bugesera Housing Corp,Huye,Buyout,27,224,21.7,83
Kigali Health Partners,Kigali,Buyout,31,179,23.5,98
Akagera Express,Bugesera,Seed,44,4045,25.5,93
Rwamagana Solar Ltd,Musanze,Buyout,55,297,25.6,86
Rubavu Eco-Lodge,Rubavu,Growth Equity,51,937,10,77
Nyamata Textile,Rwamagana,Series A,50,194,10,76
Kigali AgriTech,Musanze,Seed,30,1843,19.2,75
Kivu Green Energy,Rubavu,Buyout,46,157,35,82
Huye Tech Hub,Rubavu,Series A,49,735,22,72
Gicumbi Dairy,Kigali,Series A,56,213,35,80
Nyarugenge Hydro Power,Rwamagana,Buyout,47,325,35,97
Musanze Food Processing,Rubavu,Buyout,30,224,16.1,98
Bugesera Housing Corp,Bugesera,Buyout,36,575,14.1,94
Kigali Health Partners,Rubavu,Series A,40,107,35,93
Akagera Express,Huye,Buyout,37,475,22.3,73
Rwamagana Solar Ltd,Kigali,Series A,42,1036,35,89
Rubavu Eco-Lodge,Kigali,Series A,45,1515,35,92
Nyamata Textile,Huye,Growth Equity,34,100,10,97
Kigali AgriTech,Rubavu,Buyout,27,3738,27.1,79
Kivu Green Energy,Huye,Seed,30,199,14.4,78
Huye Tech Hub,Bugesera,Buyout,32,267,10,97
Gicumbi Dairy,Musanze,Seed,46,119,17.1,79
Nyarugenge Hydro Power,Musanze,Growth Equity,29,342,10,94
Musanze Food Processing,Huye,Growth Equity,53,113,10,66
Bugesera Housing Corp,Bugesera,Buyout,32,386,10,80
Kigali Health Partners,Musanze,Series A,49,869,25.7,86
Akagera Express,Kigali,Growth Equity,35,193,19.8,96
Rwamagana Solar Ltd,Rwamagana,Buyout,38,1763,21.7,75
Rubavu Eco-Lodge,Bugesera,Series A,39,338,13.4,86
Nyamata Textile,Kigali,Growth Equity,34,2278,10,87
Kigali AgriTech,Rubavu,Series A,42,892,35,68
Kivu Green Energy,Rubavu,Growth Equity,35,971,21.6,89
Huye Tech Hub,Rubavu,Buyout,60,1125,35,75
Gicumbi Dairy,Kigali,Buyout,57,163,24.2,75
Nyarugenge Hydro Power,Musanze,Series A,31,116,35,92
Musanze Food Processing,Huye,Growth Equity,29,517,10,97
Bugesera Housing Corp,Huye,Growth Equity,41,4092,28.1,74
Kigali Health Partners,Rubavu,Growth Equity,46,2849,33.2,70
Akagera Express,Huye,Buyout,33,233,21.8,86
Rwamagana Solar Ltd,Kigali,Series A,32,1821,35,81
Rubavu Eco-Lodge,Huye,Growth Equity,54,2271,35,71
Nyamata Textile,Musanze,Buyout,37,4860,18.2,92
Kigali AgriTech,Rubavu,Series A,32,3079,15.6,94
Kivu Green Energy,Kigali,Series A,43,790,17.1,91
Huye Tech Hub,Kigali,Seed,50,303,26.5,90
Gicumbi Dairy,Huye,Series A,34,422,10,67
Nyarugenge Hydro Power,Rwamagana,Series A,31,1310,35,82
Musanze Food Processing,Rubavu,Series A,43,734,10,74
Bugesera Housing Corp,Kigali,Growth Equity,49,373,10,77
Kigali Health Partners,Musanze,Series A,22,147,10,66
Akagera Express,Huye,Seed,35,1200,12.7,76
Rwamagana Solar Ltd,Rwamagana,Growth Equity,56,100,15.4,71
Rubavu Eco-Lodge,Kigali,Growth Equity,53,100,10,83
Nyamata Textile,Rubavu,Buyout,54,1644,10,93
Kigali AgriTech,Bugesera,Series A,32,6245,35,96
Kivu Green Energy,Bugesera,Buyout,41,128,10,84
Huye Tech Hub,Bugesera,Seed,40,1112,35,84
Gicumbi Dairy,Bugesera,Series A,33,345,25.3,96
Nyarugenge Hydro Power,Kigali,Series A,33,2098,35,78
Musanze Food Processing,Bugesera,Buyout,34,4090,35,87
Bugesera Housing Corp,Kigali,Growth Equity,36,1428,10,68
Kigali Health Partners,Bugesera,Series A,34,512,16.4,73
Akagera Express,Kigali,Seed,55,329,17.5,88
Rwamagana Solar Ltd,Musanze,Buyout,28,1662,35,71
Rubavu Eco-Lodge,Bugesera,Growth Equity,29,3532,13.9,95
Nyamata Textile,Musanze,Seed,31,244,10,86
Kigali AgriTech,Rwamagana,Series A,52,1439,34.3,66
Kivu Green Energy,Rwamagana,Buyout,54,486,10,68
Huye Tech Hub,Rwamagana,Series A,43,7827,30.2,88
Gicumbi Dairy,Rubavu,Series A,55,304,35,68
Nyarugenge Hydro Power,Bugesera,Seed,28,201,12.6,77
Musanze Food Processing,Rubavu,Seed,45,828,10.7,88
Bugesera Housing Corp,Musanze,Series A,45,2518,12,95
Kigali Health Partners,Rubavu,Buyout,51,3034,35,91
Akagera Express,Rwamagana,Seed,42,100,27.5,82
Rwamagana Solar Ltd,Rubavu,Buyout,43,281,10,90
Rubavu Eco-Lodge,Kigali,Buyout,34,276,10,85
Nyamata Textile,Musanze,Series A,36,149,23.2,90
Kigali AgriTech,Bugesera,Seed,37,2123,21.4,77
Kivu Green Energy,Rubavu,Growth Equity,50,472,10,78
Huye Tech Hub,Bugesera,Series A,42,7802,13.8,78
Gicumbi Dairy,Musanze,Growth Equity,34,564,17.3,78
Nyarugenge Hydro Power,Rubavu,Buyout,48,217,35,73
Musanze Food Processing,Huye,Seed,47,204,10,82
Bugesera Housing Corp,Bugesera,Growth Equity,40,1141,10,78
Kigali Health Partners,Kigali,Buyout,37,639,35,91
Akagera Express,Huye,Seed,38,100,17.9,66
Rwamagana Solar Ltd,Rwamagana,Seed,29,506,11.9,91
Rubavu Eco-Lodge,Rwamagana,Seed,46,2658,10.7,76
Nyamata Textile,Musanze,Growth Equity,26,584,10,80
Kigali AgriTech,Kigali,Growth Equity,30,3616,35,97
Kivu Green Energy,Bugesera,Growth Equity,42,5739,35,75
Huye Tech Hub,Kigali,Buyout,42,200,10,86
Gicumbi Dairy,Bugesera,Buyout,31,1406,21.7,96
Nyarugenge Hydro Power,Kigali,Growth Equity,37,915,10,72
Musanze Food Processing,Huye,Buyout,26,345,10,66
Bugesera Housing Corp,Musanze,Buyout,54,291,35,91
Kigali Health Partners,Huye,Series A,70,2915,12.5,73
Akagera Express,Musanze,Growth Equity,29,3772,35,91
Rwamagana Solar Ltd,Rwamagana,Series A,50,1672,18.5,83
Rubavu Eco-Lodge,Rubavu,Series A,60,485,10,73
Nyamata Textile,Kigali,Series A,32,129,15.6,77
Kigali AgriTech,Bugesera,Growth Equity,32,184,35,74
Kivu Green Energy,Huye,Series A,34,976,14.5,83
Huye Tech Hub,Musanze,Series A,48,1599,10,84
Gicumbi Dairy,Bugesera,Buyout,25,100,16,93
Nyarugenge Hydro Power,Rwamagana,Growth Equity,32,6317,35,67
Musanze Food Processing,Kigali,Series A,32,429,32.1,68
Bugesera Housing Corp,Rwamagana,Growth Equity,47,262,20.3,96
Kigali Health Partners,Rubavu,Growth Equity,32,14633,35,66
Akagera Express,Kigali,Series A,49,251,10,66
Rwamagana Solar Ltd,Kigali,Growth Equity,53,102,14.4,66
Rubavu Eco-Lodge,Huye,Growth Equity,41,4784,10,74
Nyamata Textile,Bugesera,Growth Equity,47,1249,10,71
Kigali AgriTech,Bugesera,Buyout,35,111,32.6,93
Kivu Green Energy,Bugesera,Series A,33,8104,35,70
Huye Tech Hub,Kigali,Growth Equity,49,1119,28.5,81
Gicumbi Dairy,Huye,Buyout,46,1397,35,76
Nyarugenge Hydro Power,Musanze,Series A,29,515,35,71
Musanze Food Processing,Musanze,Seed,58,771,10,94
Bugesera Housing Corp,Huye,Growth Equity,40,2478,10,69
Kigali Health Partners,Kigali,Seed,34,517,13.8,89
Akagera Express,Rubavu,Series A,60,171,12.1,77
Rwamagana Solar Ltd,Huye,Seed,43,1288,14,97
Rubavu Eco-Lodge,Kigali,Seed,50,8239,25.6,91
Nyamata Textile,Musanze,Series A,33,349,10,91
Kigali AgriTech,Kigali,Buyout,37,789,35,86
Kivu Green Energy,Huye,Growth Equity,55,303,10,84
Huye Tech Hub,Rwamagana,Growth Equity,45,283,35,82
Gicumbi Dairy,Kigali,Series A,47,3551,12.5,74
Nyarugenge Hydro Power,Musanze,Buyout,58,216,35,88
Musanze Food Processing,Rubavu,Series A,36,1846,10,75
Bugesera Housing Corp,Kigali,Series A,55,100,11.9,65
Kigali Health Partners,Bugesera,Series A,31,997,10,70
Akagera Express,Rubavu,Series A,38,921,22.4,85
Rwamagana Solar Ltd,Musanze,Seed,42,230,28.5,71
Rubavu Eco-Lodge,Rubavu,Seed,32,101,35,74
Nyamata Textile,Huye,Buyout,39,108,10,84
Kigali AgriTech,Musanze,Buyout,41,155,18.5,72
Kivu Green Energy,Rwamagana,Growth Equity,59,799,10,65
Huye Tech Hub,Huye,Buyout,42,859,10,85
Gicumbi Dairy,Bugesera,Series A,33,787,10,79
Nyarugenge Hydro Power,Huye,Seed,53,5068,10.9,76
Musanze Food Processing,Kigali,Buyout,43,1311,20.8,90
Bugesera Housing Corp,Kigali,Seed,39,526,35,66
Kigali Health Partners,Bugesera,Seed,27,476,27.3,90
Akagera Express,Kigali,Seed,39,112,13,91
Rwamagana Solar Ltd,Huye,Growth Equity,27,123,35,78
Rubavu Eco-Lodge,Musanze,Buyout,33,453,10.7,74
Nyamata Textile,Rubavu,Series A,29,430,10,70
Kigali AgriTech,Kigali,Buyout,33,100,30.5,72
Kivu Green Energy,Bugesera,Growth Equity,41,453,10,79
Huye Tech Hub,Bugesera,Buyout,38,2373,22.2,77
Gicumbi Dairy,Huye,Buyout,30,100,12.7,97
Nyarugenge Hydro Power,Huye,Buyout,58,844,10,92
Musanze Food Processing,Huye,Growth Equity,37,708,35,95
Bugesera Housing Corp,Bugesera,Growth Equity,36,456,24.4,73
Kigali Health Partners,Bugesera,Series A,45,1391,18.9,77
Akagera Express,Bugesera,Series A,23,406,21.7,88
Rwamagana Solar Ltd,Bugesera,Series A,53,406,35,90
Rubavu Eco-Lodge,Kigali,Buyout,44,412,10,82
Nyamata Textile,Musanze,Growth Equity,32,593,28.9,98
Kigali AgriTech,Rwamagana,Seed,32,171,22.1,67
Kivu Green Energy,Musanze,Buyout,38,769,12.9,81
Huye Tech Hub,Huye,Growth Equity,47,656,14.7,98
Gicumbi Dairy,Huye,Seed,34,184,29.9,68
Nyarugenge Hydro Power,Kigali,Seed,52,208,35,78
Musanze Food Processing,Rubavu,Growth Equity,45,111,24.7,66
Bugesera Housing Corp,Rwamagana,Growth Equity,50,1264,16.6,93
Kigali Health Partners,Kigali,Series A,52,291,35,95
Akagera Express,Rwamagana,Series A,37,232,33.6,80
Rwamagana Solar Ltd,Rubavu,Buyout,51,2337,35,76
Rubavu Eco-Lodge,Kigali,Seed,32,4861,15.9,89
Nyamata Textile,Rubavu,Growth Equity,33,446,10,89
Kigali AgriTech,Musanze,Series A,28,755,35,66
Kivu Green Energy,Rubavu,Buyout,66,1148,35,66
Huye Tech Hub,Bugesera,Buyout,31,100,23.1,68
Gicumbi Dairy,Huye,Growth Equity,35,724,16.3,82
Nyarugenge Hydro Power,Bugesera,Growth Equity,47,1884,35,76
Musanze Food Processing,Kigali,Buyout,36,1381,11.9,73
Bugesera Housing Corp,Kigali,Seed,32,669,34.8,80
Kigali Health Partners,Bugesera,Growth Equity,34,1766,10,87
Akagera Express,Huye,Buyout,40,268,24.9,93
Rwamagana Solar Ltd,Huye,Seed,33,363,11.9,65
Rubavu Eco-Lodge,Musanze,Seed,39,505,17.7,77
Nyamata Textile,Rubavu,Series A,38,379,11,84
Kigali AgriTech,Kigali,Seed,32,100,35,78
Kivu Green Energy,Rubavu,Series A,65,400,10.5,90
Huye Tech Hub,Kigali,Buyout,34,515,12.3,79
Gicumbi Dairy,Rubavu,Growth Equity,34,100,17.2,66
Nyarugenge Hydro Power,Rwamagana,Growth Equity,42,1422,17.8,98
Musanze Food Processing,Kigali,Series A,31,1162,23,92
Bugesera Housing Corp,Huye,Growth Equity,47,402,10,81
Kigali Health Partners,Rubavu,Buyout,44,909,11.8,95
Akagera Express,Kigali,Seed,38,378,14.3,68
Rwamagana Solar Ltd,Kigali,Growth Equity,28,3338,10,65
Rubavu Eco-Lodge,Kigali,Series A,46,851,10.4,86
Nyamata Textile,Bugesera,Buyout,51,128,22,73
Kigali AgriTech,Musanze,Growth Equity,42,100,10,97
Kivu Green Energy,Bugesera,Series A,37,2542,10,82
Huye Tech Hub,Kigali,Seed,58,1898,10,79
Gicumbi Dairy,Kigali,Seed,43,232,35,88
Nyarugenge Hydro Power,Musanze,Seed,36,360,10,80
Musanze Food Processing,Huye,Series A,34,107,17.1,67
Bugesera Housing Corp,Rubavu,Growth Equity,31,3383,25.8,74
Kigali Health Partners,Kigali,Growth Equity,49,423,10,78
Akagera Express,Kigali,Growth Equity,54,3060,10,81
Rwamagana Solar Ltd,Musanze,Series A,29,586,10,73
Rubavu Eco-Lodge,Musanze,Growth Equity,51,443,10,94
Nyamata Textile,Huye,Series A,40,607,13.4,88
Kigali AgriTech,Rubavu,Growth Equity,35,6058,21.5,79
Kivu Green Energy,Musanze,Buyout,25,404,22.6,76
Huye Tech Hub,Rubavu,Seed,32,218,35,67
Gicumbi Dairy,Rwamagana,Seed,30,223,10,68
Nyarugenge Hydro Power,Rubavu,Growth Equity,38,176,19.6,98
Musanze Food Processing,Huye,Growth Equity,46,170,22.9,66
Bugesera Housing Corp,Bugesera,Growth Equity,43,1060,24.1,72
Kigali Health Partners,Rwamagana,Series A,32,2285,35,74
Akagera Express,Bugesera,Seed,29,409,35,98
Rwamagana Solar Ltd,Bugesera,Series A,56,2290,10,98
Rubavu Eco-Lodge,Rwamagana,Buyout,57,100,10,96
Nyamata Textile,Rubavu,Seed,38,3832,35,71
Kigali AgriTech,Musanze,Seed,51,1650,10,90
Kivu Green Energy,Bugesera,Growth Equity,35,162,10,76
Huye Tech Hub,Rubavu,Buyout,37,804,16.5,69
Gicumbi Dairy,Rubavu,Series A,48,4515,35,66
Nyarugenge Hydro Power,Kigali,Growth Equity,30,104,10,68
Musanze Food Processing,Huye,Buyout,60,362,35,94
Bugesera Housing Corp,Rubavu,Series A,56,338,35,95
Kigali Health Partners,Bugesera,Series A,45,197,35,71
Akagera Express,Musanze,Series A,38,510,10,89
Rwamagana Solar Ltd,Musanze,Buyout,20,1291,27.4,70
Rubavu Eco-Lodge,Musanze,Growth Equity,59,147,10,87
Nyamata Textile,Rwamagana,Seed,34,297,10,70
Kigali AgriTech,Musanze,Buyout,36,106,10,67
Kivu Green Energy,Huye,Buyout,53,2498,31.7,96
Huye Tech Hub,Musanze,Growth Equity,51,730,13.8,94
Gicumbi Dairy,Rubavu,Buyout,58,335,10,87
Nyarugenge Hydro Power,Bugesera,Growth Equity,48,2010,35,75
Musanze Food Processing,Kigali,Growth Equity,56,3272,13.9,95
Bugesera Housing Corp,Rubavu,Buyout,51,972,10,96
Kigali Health Partners,Bugesera,Series A,35,507,10,76
Akagera Express,Kigali,Growth Equity,40,200,22.1,72
Rwamagana Solar Ltd,Huye,Seed,59,445,10,95
Rubavu Eco-Lodge,Bugesera,Seed,44,2158,35,95
Nyamata Textile,Huye,Seed,49,989,35,65
Kigali AgriTech,Rubavu,Buyout,35,100,15.1,73
Kivu Green Energy,Rwamagana,Seed,41,151,14,73
Huye Tech Hub,Musanze,Buyout,55,250,12.4,71
Gicumbi Dairy,Kigali,Series A,51,134,20,83
Nyarugenge Hydro Power,Rwamagana,Growth Equity,27,895,10.1,83
Musanze Food Processing,Bugesera,Series A,57,382,26.1,67
Bugesera Housing Corp,Rwamagana,Series A,51,2239,17.6,74
Kigali Health Partners,Musanze,Growth Equity,38,569,20.9,71
Akagera Express,Kigali,Seed,49,297,22.3,93
Rwamagana Solar Ltd,Huye,Growth Equity,40,925,10,82
Rubavu Eco-Lodge,Musanze,Buyout,47,3332,35,77
Nyamata Textile,Rwamagana,Series A,48,1698,10,83
Kigali AgriTech,Bugesera,Growth Equity,47,971,35,88
Kivu Green Energy,Musanze,Buyout,56,183,10,75
Huye Tech Hub,Musanze,Series A,29,1545,32.8,78
Gicumbi Dairy,Rwamagana,Series A,38,326,35,98
Nyarugenge Hydro Power,Rwamagana,Buyout,32,155,10.7,83
Musanze Food Processing,Rwamagana,Growth Equity,42,343,10,90
Bugesera Housing Corp,Huye,Growth Equity,30,436,12.8,85
Kigali Health Partners,Bugesera,Series A,26,3772,35,94
Akagera Express,Rubavu,Seed,35,100,35,73
Rwamagana Solar Ltd,Bugesera,Seed,35,351,12.8,95
Rubavu Eco-Lodge,Bugesera,Series A,35,144,31,82
Nyamata Textile,Rubavu,Buyout,57,2987,35,68
Kigali AgriTech,Bugesera,Seed,29,2092,20.2,98
Kivu Green Energy,Rwamagana,Growth Equity,32,102,14.4,92
Huye Tech Hub,Rwamagana,Seed,45,1515,31.1,90
Gicumbi Dairy,Huye,Buyout,51,397,35,90
Nyarugenge Hydro Power,Huye,Buyout,31,1194,10,94
Musanze Food Processing,Huye,Buyout,50,184,10.1,68
Bugesera Housing Corp,Huye,Buyout,38,101,10,89
Kigali Health Partners,Huye,Growth Equity,37,447,28.2,84
Akagera Express,Rubavu,Seed,35,1353,21,91
Rwamagana Solar Ltd,Bugesera,Growth Equity,37,4665,35,70
Rubavu Eco-Lodge,Bugesera,Growth Equity,28,881,12.5,66
Nyamata Textile,Rwamagana,Buyout,38,7224,30.1,71
Kigali AgriTech,Bugesera,Buyout,43,17655,10,82
Kivu Green Energy,Huye,Seed,43,5272,10,78
Huye Tech Hub,Bugesera,Growth Equity,56,15620,35,73
Gicumbi Dairy,Musanze,Seed,32,13811,35,88
Nyarugenge Hydro Power,Huye,Seed,58,1633,13.7,77
Musanze Food Processing,Rubavu,Series A,47,386,35,95
Bugesera Housing Corp,Musanze,Seed,31,319,10,92
Kigali Health Partners,Musanze,Series A,38,100,20.6,86
Akagera Express,Rubavu,Seed,50,910,10,69
Rwamagana Solar Ltd,Rubavu,Growth Equity,32,400,16.6,80
Rubavu Eco-Lodge,Musanze,Growth Equity,37,1275,10.2,75
Nyamata Textile,Rwamagana,Growth Equity,39,100,10,75
Kigali AgriTech,Bugesera,Buyout,40,213,12.6,94
Kivu Green Energy,Bugesera,Growth Equity,41,741,16.1,96
Huye Tech Hub,Rubavu,Buyout,45,1577,35,88
Gicumbi Dairy,Bugesera,Growth Equity,31,100,10,69
Nyarugenge Hydro Power,Rubavu,Buyout,54,108,14.3,75
Musanze Food Processing,Huye,Buyout,39,499,13.3,71
Bugesera Housing Corp,Kigali,Buyout,56,535,18.5,88
Kigali Health Partners,Bugesera,Series A,35,2930,10,90
Akagera Express,Bugesera,Seed,34,115,18.4,96
Rwamagana Solar Ltd,Huye,Seed,31,225,10,89
Rubavu Eco-Lodge,Kigali,Growth Equity,38,145,12.5,82
Nyamata Textile,Musanze,Growth Equity,41,113,18.9,94
Kigali AgriTech,Rubavu,Series A,44,100,30,78
Kivu Green Energy,Musanze,Seed,49,679,35,89
Huye Tech Hub,Huye,Buyout,30,532,34,92
Gicumbi Dairy,Musanze,Buyout,31,2087,10,71
Nyarugenge Hydro Power,Kigali,Series A,34,957,23.8,91
Musanze Food Processing,Kigali,Buyout,70,15934,17.2,72
Bugesera Housing Corp,Rwamagana,Growth Equity,45,3470,10,96
Kigali Health Partners,Rubavu,Series A,31,6390,30.3,82
Akagera Express,Kigali,Growth Equity,57,908,35,88
Rwamagana Solar Ltd,Musanze,Series A,40,4175,16.2,88
Rubavu Eco-Lodge,Kigali,Buyout,28,473,10,69
Nyamata Textile,Huye,Seed,44,201,10,77
Kigali AgriTech,Bugesera,Growth Equity,49,3350,10,92
Kivu Green Energy,Musanze,Growth Equity,46,1475,30.8,75
Huye Tech Hub,Rwamagana,Growth Equity,34,280,29.8,79
Gicumbi Dairy,Huye,Buyout,58,275,10,77
Nyarugenge Hydro Power,Kigali,Seed,52,481,28.8,97
Musanze Food Processing,Musanze,Growth Equity,27,2271,13,90
Bugesera Housing Corp,Bugesera,Seed,48,440,25.5,86
Kigali Health Partners,Kigali,Growth Equity,33,110,16.7,82
Akagera Express,Rwamagana,Seed,46,5058,10,69
Rwamagana Solar Ltd,Huye,Growth Equity,51,21344,16.6,75
Rubavu Eco-Lodge,Kigali,Series A,31,256,35,80
Nyamata Textile,Bugesera,Growth Equity,35,573,35,95
Kigali AgriTech,Huye,Series A,37,881,10,72
Kivu Green Energy,Huye,Series A,60,100,10,89
Huye Tech Hub,Rubavu,Series A,40,1919,35,68
Gicumbi Dairy,Bugesera,Seed,50,4474,16.3,69
Nyarugenge Hydro Power,Rubavu,Buyout,34,556,13.7,74
Musanze Food Processing,Huye,Series A,32,353,25.7,85
Bugesera Housing Corp,Musanze,Series A,36,874,23.1,97
Kigali Health Partners,Huye,Seed,32,159,19.2,87
Akagera Express,Huye,Seed,40,181,18.6,66
Rwamagana Solar Ltd,Musanze,Seed,37,100,22.6,86
Rubavu Eco-Lodge,Kigali,Series A,57,100,10,73
Nyamata Textile,Bugesera,Buyout,46,103,20.5,68
Kigali AgriTech,Rwamagana,Seed,31,2588,10,81
Kivu Green Energy,Kigali,Growth Equity,39,103,35,66
Huye Tech Hub,Musanze,Buyout,35,939,10,74
Gicumbi Dairy,Kigali,Seed,32,203,31.2,87
Nyarugenge Hydro Power,Rubavu,Seed,44,416,16.3,68
Musanze Food Processing,Rwamagana,Buyout,41,1780,10,95
Bugesera Housing Corp,Kigali,Series A,59,7279,15,71
Kigali Health Partners,Musanze,Growth Equity,39,347,24.4,78
Akagera Express,Rubavu,Growth Equity,54,8395,20.7,82
Rwamagana Solar Ltd,Rwamagana,Buyout,27,361,11.3,89
Rubavu Eco-Lodge,Kigali,Growth Equity,51,195,35,96
Nyamata Textile,Musanze,Growth Equity,33,391,10,89
Kigali AgriTech,Bugesera,Series A,38,2340,35,69
Kivu Green Energy,Musanze,Seed,52,100,16.3,76
Huye Tech Hub,Rwamagana,Buyout,54,1395,17.9,97
Gicumbi Dairy,Rubavu,Seed,33,424,21.7,69
Nyarugenge Hydro Power,Bugesera,Buyout,50,769,10,74
Musanze Food Processing,Huye,Buyout,39,4243,10,73
Bugesera Housing Corp,Rubavu,Series A,34,2746,14.2,74
Kigali Health Partners,Huye,Series A,41,718,35,85
Akagera Express,Kigali,Series A,48,641,10,68
Rwamagana Solar Ltd,Huye,Seed,38,534,35,66
Rubavu Eco-Lodge,Musanze,Buyout,34,722,14.5,89
Nyamata Textile,Kigali,Buyout,32,100,10,83
Kigali AgriTech,Kigali,Growth Equity,48,199,34.4,85
Kivu Green Energy,Musanze,Seed,28,390,12.8,67
Huye Tech Hub,Bugesera,Seed,47,1330,35,94
Gicumbi Dairy,Kigali,Seed,32,145,35,84
Nyarugenge Hydro Power,Rubavu,Series A,32,1023,35,84
Musanze Food Processing,Bugesera,Buyout,38,1050,21,84
Bugesera Housing Corp,Bugesera,Series A,86,1603,16.5,89
Kigali Health Partners,Rubavu,Growth Equity,47,165,11.8,96
Akagera Express,Musanze,Buyout,42,779,15.9,98
Rwamagana Solar Ltd,Musanze,Buyout,44,873,35,88
Rubavu Eco-Lodge,Rwamagana,Seed,25,10888,10.2,77
Nyamata Textile,Rubavu,Buyout,34,1091,10,84
Kigali AgriTech,Huye,Series A,34,347,35,74
Kivu Green Energy,Rwamagana,Growth Equity,53,4243,20,91
Huye Tech Hub,Huye,Seed,42,506,15.2,69
Gicumbi Dairy,Rubavu,Seed,30,280,20.3,71
Nyarugenge Hydro Power,Rubavu,Buyout,26,987,35,68
Musanze Food Processing,Kigali,Seed,40,4257,35,66
Bugesera Housing Corp,Kigali,Series A,34,1486,18.5,94
Kigali Health Partners,Kigali,Buyout,34,2311,14.9,74
Akagera Express,Kigali,Seed,40,595,30.3,91
Rwamagana Solar Ltd,Kigali,Seed,36,27459,10,97
Rubavu Eco-Lodge,Kigali,Buyout,34,540,35,91
Nyamata Textile,Rubavu,Growth Equity,32,235,23.2,82
Kigali AgriTech,Rubavu,Series A,39,835,14.4,88
Kivu Green Energy,Rubavu,Growth Equity,36,160,20.9,94
Huye Tech Hub,Musanze,Series A,39,1002,35,81
Gicumbi Dairy,Rubavu,Buyout,33,18447,35,73
Nyarugenge Hydro Power,Rwamagana,Buyout,34,172,27.3,83
Musanze Food Processing,Kigali,Growth Equity,42,1305,35,75
Bugesera Housing Corp,Rubavu,Growth Equity,46,599,10,80
Kigali Health Partners,Musanze,Seed,32,756,14.8,96
Akagera Express,Bugesera,Growth Equity,27,200,10,74
Rwamagana Solar Ltd,Kigali,Series A,35,169,35,69
Rubavu Eco-Lodge,Kigali,Growth Equity,53,719,19.8,82
Nyamata Textile,Huye,Series A,29,292,32.7,68
Kigali AgriTech,Rubavu,Series A,35,100,35,89
Kivu Green Energy,Rwamagana,Growth Equity,49,187,16.5,67
Huye Tech Hub,Rwamagana,Growth Equity,58,3328,10,85
Gicumbi Dairy,Musanze,Buyout,40,1461,35,89
Nyarugenge Hydro Power,Kigali,Growth Equity,19,100,12.3,90
Musanze Food Processing,Huye,Seed,30,134,28.9,65
Bugesera Housing Corp,Huye,Seed,34,418,23.9,95
Kigali Health Partners,Rwamagana,Seed,60,297,35,90
Akagera Express,Huye,Buyout,28,100,29.4,90
Rwamagana Solar Ltd,Huye,Seed,46,373,35,90
Rubavu Eco-Lodge,Kigali,Growth Equity,49,115,35,90
Nyamata Textile,Kigali,Series A,59,7913,10,80
Kigali AgriTech,Kigali,Growth Equity,44,127,10,92
Kivu Green Energy,Kigali,Series A,33,175,20.4,88
Huye Tech Hub,Kigali,Buyout,54,1239,15.5,67
Gicumbi Dairy,Huye,Buyout,26,215,10,80
Nyarugenge Hydro Power,Bugesera,Seed,54,100,35,75
Musanze Food Processing,Rubavu,Buyout,48,7295,35,76
Bugesera Housing Corp,Rwamagana,Growth Equity,30,577,35,98
Kigali Health Partners,Rwamagana,Growth Equity,29,1126,22.6,72
Akagera Express,Rwamagana,Buyout,51,4021,16.8,90
Rwamagana Solar Ltd,Huye,Seed,53,1080,35,88
Rubavu Eco-Lodge,Bugesera,Series A,43,279,33.5,69
Nyamata Textile,Bugesera,Series A,34,2652,10,85
Kigali AgriTech,Bugesera,Buyout,40,1829,10,83
Kivu Green Energy,Rubavu,Seed,43,534,11.7,81
Huye Tech Hub,Kigali,Seed,33,400,18.4,93
Gicumbi Dairy,Huye,Buyout,66,4885,10,84
Nyarugenge Hydro Power,Huye,Series A,44,429,17.1,73
Musanze Food Processing,Rubavu,Buyout,33,100,10,76
Bugesera Housing Corp,Musanze,Series A,31,491,33.6,91
Kigali Health Partners,Musanze,Growth Equity,71,4757,10,68
Akagera Express,Huye,Seed,22,3572,33.2,89
Rwamagana Solar Ltd,Kigali,Series A,46,805,35,66
Rubavu Eco-Lodge,Musanze,Series A,32,355,10,93
Nyamata Textile,Kigali,Buyout,45,4465,10,92
Kigali AgriTech,Musanze,Buyout,32,450,11,93
Kivu Green Energy,Rwamagana,Series A,49,574,15.2,67
Huye Tech Hub,Rwamagana,Series A,27,589,35,88
Gicumbi Dairy,Rubavu,Growth Equity,46,857,35,98
Nyarugenge Hydro Power,Rwamagana,Series A,37,795,23.3,83
Musanze Food Processing,Musanze,Growth Equity,30,870,10,88
Bugesera Housing Corp,Kigali,Series A,44,180,35,86
Kigali Health Partners,Musanze,Series A,45,415,10.3,97
Akagera Express,Kigali,Buyout,27,313,35,97
Rwamagana Solar Ltd,Rwamagana,Series A,57,100,25.7,68
Rubavu Eco-Lodge,Musanze,Series A,66,2269,28.2,84
Nyamata Textile,Huye,Seed,40,312,17.6,73
Kigali AgriTech,Kigali,Buyout,48,433,10,84
Kivu Green Energy,Musanze,Series A,33,4504,35,75
Huye Tech Hub,Kigali,Growth Equity,42,357,35,98
Gicumbi Dairy,Musanze,Series A,47,3288,35,79
Nyarugenge Hydro Power,Kigali,Seed,27,3183,24.4,68
Musanze Food Processing,Rubavu,Seed,78,326,13.6,91
Bugesera Housing Corp,Rubavu,Growth Equity,50,1360,17.2,92
Kigali Health Partners,Rubavu,Seed,46,1510,10,76
Akagera Express,Bugesera,Series A,41,6146,30,95
Rwamagana Solar Ltd,Rubavu,Growth Equity,36,1080,11.8,96
Rubavu Eco-Lodge,Rwamagana,Buyout,49,137,19.1,73
Nyamata Textile,Bugesera,Growth Equity,46,254,10.7,84
Kigali AgriTech,Rubavu,Growth Equity,77,780,35,76
Kivu Green Energy,Bugesera,Series A,30,899,10,84
Huye Tech Hub,Huye,Buyout,43,1264,10,98
Gicumbi Dairy,Bugesera,Seed,44,2623,35,75
Nyarugenge Hydro Power,Bugesera,Series A,40,198,19.3,72
Musanze Food Processing,Rwamagana,Buyout,38,3519,32.4,80
Bugesera Housing Corp,Kigali,Growth Equity,25,443,35,71
Kigali Health Partners,Musanze,Buyout,49,952,35,75
Akagera Express,Bugesera,Growth Equity,33,150,24.6,65
Rwamagana Solar Ltd,Rwamagana,Buyout,40,100,10,82
Rubavu Eco-Lodge,Bugesera,Seed,44,110,19.6,76
Nyamata Textile,Huye,Series A,32,1050,21.9,71
Kigali AgriTech,Rubavu,Buyout,52,100,19.7,75
Kivu Green Energy,Rwamagana,Seed,35,275,25.7,68
Huye Tech Hub,Kigali,Series A,35,359,35,83
Gicumbi Dairy,Rwamagana,Seed,32,6317,35,68
Nyarugenge Hydro Power,Huye,Series A,42,1410,16.2,94
Musanze Food Processing,Kigali,Seed,59,239,15.3,80
Bugesera Housing Corp,Kigali,Seed,44,7238,35,86
Kigali Health Partners,Kigali,Seed,50,1211,10,69
Akagera Express,Huye,Buyout,27,213,10,65
Rwamagana Solar Ltd,Bugesera,Buyout,55,712,13.1,81
Rubavu Eco-Lodge,Bugesera,Seed,54,410,35,86
Nyamata Textile,Musanze,Buyout,31,286,17.2,68
Kigali AgriTech,Rwamagana,Buyout,56,2138,35,75
Kivu Green Energy,Bugesera,Buyout,51,933,10,88
Huye Tech Hub,Huye,Buyout,61,725,15.8,73
Gicumbi Dairy,Rwamagana,Growth Equity,34,205,14.6,73
Nyarugenge Hydro Power,Kigali,Seed,56,651,10,91
Musanze Food Processing,Rwamagana,Seed,29,245,10.5,71
Bugesera Housing Corp,Kigali,Buyout,34,718,11.9,97
Kigali Health Partners,Rwamagana,Growth Equity,35,1163,32.7,85
Akagera Express,Rwamagana,Buyout,56,1085,15,89
Rwamagana Solar Ltd,Huye,Buyout,45,3026,35,67
Rubavu Eco-Lodge,Kigali,Series A,31,549,10,96
Nyamata Textile,Musanze,Series A,37,166,35,69
Kigali AgriTech,Kigali,Series A,43,100,35,75
Kivu Green Energy,Bugesera,Seed,40,519,34.7,73
Huye Tech Hub,Huye,Seed,44,4858,35,76
Gicumbi Dairy,Rwamagana,Series A,38,123,10,86
Nyarugenge Hydro Power,Kigali,Seed,58,1673,27.9,76
Musanze Food Processing,Rubavu,Growth Equity,24,177,23.6,81
Bugesera Housing Corp,Musanze,Growth Equity,53,1478,10,71
Kigali Health Partners,Bugesera,Series A,36,173,10,93
Akagera Express,Bugesera,Seed,28,160,16.1,76
Rwamagana Solar Ltd,Huye,Buyout,45,237,18.7,75
Rubavu Eco-Lodge,Musanze,Growth Equity,32,1683,10,69
Nyamata Textile,Musanze,Seed,46,221,21.4,85
Kigali AgriTech,Kigali,Series A,28,1165,35,66
Kivu Green Energy,Rwamagana,Seed,51,113,35,79
Huye Tech Hub,Bugesera,Growth Equity,51,1969,10,91
Gicumbi Dairy,Bugesera,Buyout,30,4887,10,96
Nyarugenge Hydro Power,Musanze,Buyout,39,283,20.2,68
Musanze Food Processing,Musanze,Seed,28,802,31.8,68
Bugesera Housing Corp,Rubavu,Series A,31,1594,27.5,97
Kigali Health Partners,Rubavu,Series A,31,100,10,92
Akagera Express,Rubavu,Growth Equity,38,146,10,87
Rwamagana Solar Ltd,Musanze,Growth Equity,31,709,35,71
Rubavu Eco-Lodge,Bugesera,Series A,74,4179,34.3,83
Nyamata Textile,Rwamagana,Seed,40,100,22.8,76
Kigali AgriTech,Huye,Buyout,43,7976,20.9,82
Kivu Green Energy,Bugesera,Growth Equity,34,1025,35,88
Huye Tech Hub,Rubavu,Seed,54,7110,27.5,87
Gicumbi Dairy,Bugesera,Seed,51,142,10,72
Nyarugenge Hydro Power,Rwamagana,Seed,33,385,26.7,70
Musanze Food Processing,Huye,Buyout,41,100,10,87
Bugesera Housing Corp,Musanze,Series A,33,3270,24.6,65
Kigali Health Partners,Huye,Buyout,48,108,10,83
Akagera Express,Bugesera,Buyout,42,316,14.4,77
Rwamagana Solar Ltd,Huye,Buyout,35,3075,24.9,98
Rubavu Eco-Lodge,Musanze,Seed,25,994,32.8,67
Nyamata Textile,Musanze,Seed,38,590,10,82
Kigali AgriTech,Musanze,Growth Equity,45,345,12.6,96
Kivu Green Energy,Bugesera,Series A,59,100,10,70
Huye Tech Hub,Bugesera,Series A,47,250,10,69
Gicumbi Dairy,Bugesera,Seed,33,104,28.5,96
Nyarugenge Hydro Power,Musanze,Buyout,59,1827,35,84
Musanze Food Processing,Musanze,Buyout,41,764,35,76
Bugesera Housing Corp,Musanze,Growth Equity,42,573,21.6,72
Kigali Health Partners,Musanze,Buyout,51,100,10,79
Akagera Express,Rwamagana,Series A,45,292,13.8,75
Rwamagana Solar Ltd,Kigali,Series A,30,2042,35,72
Rubavu Eco-Lodge,Kigali,Seed,33,5237,12.3,79
Nyamata Textile,Huye,Seed,43,13144,10,82
Kigali AgriTech,Rwamagana,Buyout,37,1153,35,78
Kivu Green Energy,Musanze,Seed,73,254,10.3,98
Huye Tech Hub,Rwamagana,Seed,43,725,17.5,86
Gicumbi Dairy,Rubavu,Series A,52,355,35,67
Nyarugenge Hydro Power,Kigali,Buyout,44,629,12.9,68
Musanze Food Processing,Rubavu,Seed,56,418,24.6,86
Bugesera Housing Corp,Rwamagana,Series A,21,2003,10.7,90
Kigali Health Partners,Bugesera,Growth Equity,43,2037,35,77
Akagera Express,Bugesera,Series A,54,3959,10.4,91
Rwamagana Solar Ltd,Kigali,Growth Equity,59,4298,30.9,87
Rubavu Eco-Lodge,Huye,Seed,52,330,19.8,74
Nyamata Textile,Musanze,Seed,31,847,35,93
Kigali AgriTech,Rwamagana,Seed,53,363,14.3,69
Kivu Green Energy,Rubavu,Series A,24,146,10,70
Huye Tech Hub,Huye,Growth Equity,57,100,10.4,72
Gicumbi Dairy,Huye,Seed,48,668,35,69
Nyarugenge Hydro Power,Kigali,Seed,57,1569,35,87
Musanze Food Processing,Bugesera,Seed,51,118,35,75
Bugesera Housing Corp,Bugesera,Buyout,50,301,24.8,76
Kigali Health Partners,Rubavu,Growth Equity,34,1512,15.7,85
Akagera Express,Kigali,Series A,43,193,35,83
Rwamagana Solar Ltd,Musanze,Growth Equity,31,431,20.3,94
Rubavu Eco-Lodge,Kigali,Growth Equity,29,586,35,77
Nyamata Textile,Rubavu,Buyout,39,794,10,75
Kigali AgriTech,Rwamagana,Growth Equity,36,2906,35,87
Kivu Green Energy,Bugesera,Buyout,38,100,10,82
Huye Tech Hub,Rubavu,Growth Equity,56,3059,32.5,67
Gicumbi Dairy,Huye,Buyout,41,122,23.8,66
Nyarugenge Hydro Power,Rubavu,Series A,47,1267,35,66
Musanze Food Processing,Bugesera,Growth Equity,38,135,15.6,82
Bugesera Housing Corp,Kigali,Series A,80,8404,35,80
Kigali Health Partners,Huye,Buyout,37,4860,18.7,92
Akagera Express,Huye,Growth Equity,44,1413,10.4,75
Rwamagana Solar Ltd,Huye,Series A,33,797,35,85
Rubavu Eco-Lodge,Bugesera,Buyout,53,330,11.2,92
Nyamata Textile,Huye,Seed,69,573,11.2,86
Kigali AgriTech,Kigali,Seed,46,1527,10,67
Kivu Green Energy,Bugesera,Seed,30,301,32.5,65
Huye Tech Hub,Huye,Buyout,31,1186,35,78
Gicumbi Dairy,Bugesera,Growth Equity,38,4435,35,83
Nyarugenge Hydro Power,Musanze,Buyout,34,144,11.8,75
Musanze Food Processing,Kigali,Seed,48,386,16.6,88
Bugesera Housing Corp,Huye,Seed,46,316,17.3,67
Kigali Health Partners,Rubavu,Buyout,42,314,10,92
Akagera Express,Kigali,Seed,41,443,10,93
Rwamagana Solar Ltd,Rwamagana,Buyout,33,177,15.1,87
Rubavu Eco-Lodge,Rubavu,Series A,39,1146,11.2,68
Nyamata Textile,Rubavu,Seed,27,1666,16.4,80
Kigali AgriTech,Rubavu,Series A,26,692,14.5,81
Kivu Green Energy,Kigali,Growth Equity,38,204,35,85
Huye Tech Hub,Rubavu,Buyout,48,100,10.5,96
Gicumbi Dairy,Musanze,Buyout,54,122,10,68
Nyarugenge Hydro Power,Rwamagana,Seed,51,100,35,94
Musanze Food Processing,Bugesera,Buyout,47,172,27.8,94
Bugesera Housing Corp,Rwamagana,Seed,53,200,20.5,70
Kigali Health Partners,Huye,Buyout,35,419,22.1,74
Akagera Express,Rubavu,Seed,58,9439,10,97
Rwamagana Solar Ltd,Kigali,Series A,52,150,10,81
Rubavu Eco-Lodge,Bugesera,Seed,57,132,35,89
Nyamata Textile,Musanze,Buyout,52,7022,35,87
Kigali AgriTech,Huye,Buyout,35,733,12.8,98
Kivu Green Energy,Rubavu,Series A,48,4365,22,73
Huye Tech Hub,Rwamagana,Seed,46,2362,10,75
Gicumbi Dairy,Kigali,Seed,39,2070,10,70
Nyarugenge Hydro Power,Kigali,Series A,38,1613,33,65
Musanze Food Processing,Musanze,Buyout,34,4759,10,71
Bugesera Housing Corp,Bugesera,Series A,47,768,35,83
Kigali Health Partners,Rwamagana,Series A,35,749,17.7,71
Akagera Express,Rwamagana,Seed,46,552,11.3,70
Rwamagana Solar Ltd,Huye,Series A,27,245,28.9,79
Rubavu Eco-Lodge,Rubavu,Buyout,31,598,35,67
Nyamata Textile,Kigali,Growth Equity,31,100,10,85
Kigali AgriTech,Bugesera,Buyout,46,122,35,65
Kivu Green Energy,Kigali,Seed,31,2404,25.7,72
Huye Tech Hub,Rwamagana,Buyout,33,1512,35,66
Gicumbi Dairy,Bugesera,Buyout,42,245,25.2,92
Nyarugenge Hydro Power,Kigali,Series A,33,4997,15.1,74
Musanze Food Processing,Kigali,Seed,40,1932,21.3,83
Bugesera Housing Corp,Musanze,Buyout,51,3826,11.9,75
Kigali Health Partners,Bugesera,Buyout,31,691,16.1,86
Akagera Express,Bugesera,Buyout,62,100,22.7,91
Rwamagana Solar Ltd,Rubavu,Buyout,24,608,10,94
Rubavu Eco-Lodge,Kigali,Growth Equity,48,917,35,88
Nyamata Textile,Rubavu,Buyout,41,448,22.5,86
Kigali AgriTech,Huye,Buyout,43,391,15,70
Kivu Green Energy,Rubavu,Growth Equity,52,3654,10,72
Huye Tech Hub,Kigali,Series A,54,881,10.3,76
Gicumbi Dairy,Rwamagana,Seed,32,367,12.8,66
Nyarugenge Hydro Power,Huye,Growth Equity,38,1427,27.7,91
Musanze Food Processing,Kigali,Seed,41,406,35,69
Bugesera Housing Corp,Rwamagana,Growth Equity,31,964,11.3,75
Kigali Health Partners,Musanze,Seed,35,1365,32.6,69
Akagera Express,Huye,Buyout,26,100,35,71
Rwamagana Solar Ltd,Rubavu,Series A,52,314,16.1,92
Rubavu Eco-Lodge,Rwamagana,Buyout,58,525,10,75
Nyamata Textile,Musanze,Seed,57,103,14.2,92
Kigali AgriTech,Bugesera,Growth Equity,34,100,21.4,75
Kivu Green Energy,Rwamagana,Series A,59,100,16.7,93
Huye Tech Hub,Bugesera,Seed,27,382,35,75
Gicumbi Dairy,Bugesera,Series A,42,100,23.6,67
Nyarugenge Hydro Power,Musanze,Series A,47,3827,35,98
Musanze Food Processing,Huye,Series A,33,100,10,71
Bugesera Housing Corp,Huye,Series A,31,964,10,79
Kigali Health Partners,Kigali,Growth Equity,37,4189,28.9,85
Akagera Express,Musanze,Seed,29,578,35,82
Rwamagana Solar Ltd,Huye,Series A,38,463,34,95
Rubavu Eco-Lodge,Kigali,Buyout,35,8983,10,98
Nyamata Textile,Rubavu,Series A,31,2070,28.4,77
Kigali AgriTech,Musanze,Seed,62,1959,24.5,79
Kivu Green Energy,Huye,Series A,32,1159,11.5,69
Huye Tech Hub,Rwamagana,Series A,31,488,35,80
Gicumbi Dairy,Kigali,Seed,51,702,34.7,70
Nyarugenge Hydro Power,Huye,Buyout,29,100,10,79
Musanze Food Processing,Bugesera,Series A,43,355,18,82
Bugesera Housing Corp,Huye,Seed,36,163,10,77
Kigali Health Partners,Rwamagana,Series A,34,812,32.6,78
Akagera Express,Rubavu,Seed,29,157,34.2,96
Rwamagana Solar Ltd,Bugesera,Seed,57,623,10,77
Rubavu Eco-Lodge,Bugesera,Buyout,43,522,11,65
Nyamata Textile,Bugesera,Seed,33,486,25.3,95
Kigali AgriTech,Huye,Growth Equity,60,3487,35,72
Kivu Green Energy,Musanze,Seed,51,360,13.7,96
Huye Tech Hub,Rubavu,Buyout,40,101,17.3,96
Gicumbi Dairy,Huye,Growth Equity,51,1590,22.7,80
Nyarugenge Hydro Power,Rubavu,Buyout,38,597,10,95
Musanze Food Processing,Bugesera,Buyout,35,1807,35,78
Bugesera Housing Corp,Musanze,Series A,47,926,19.5,86
Kigali Health Partners,Rwamagana,Series A,45,1007,23,65
Akagera Express,Bugesera,Series A,40,1936,35,77
Rwamagana Solar Ltd,Musanze,Series A,29,504,35,96
Rubavu Eco-Lodge,Huye,Series A,52,1007,10.4,92
Nyamata Textile,Huye,Buyout,26,118,13.8,66
Kigali AgriTech,Rwamagana,Growth Equity,31,595,33.4,76
Kivu Green Energy,Rwamagana,Growth Equity,55,1310,35,65
Huye Tech Hub,Rwamagana,Series A,35,919,10.2,77
Gicumbi Dairy,Rubavu,Seed,56,542,10,92
Nyarugenge Hydro Power,Rwamagana,Buyout,28,146,19.9,65
Musanze Food Processing,Rubavu,Growth Equity,27,771,33.2,76
Bugesera Housing Corp,Musanze,Buyout,30,471,12.4,98
Kigali Health Partners,Musanze,Growth Equity,51,103,10,79
Akagera Express,Rubavu,Seed,33,111,10.4,95
Rwamagana Solar Ltd,Bugesera,Buyout,32,133,12.5,74
Rubavu Eco-Lodge,Rubavu,Buyout,43,204,35,98
Nyamata Textile,Rubavu,Series A,46,274,10,94
Kigali AgriTech,Bugesera,Seed,32,3207,31,81
Kivu Green Energy,Huye,Buyout,40,1538,20.7,71
Huye Tech Hub,Huye,Seed,39,1467,10,91
Gicumbi Dairy,Rubavu,Growth Equity,51,111,12.6,76
Nyarugenge Hydro Power,Huye,Growth Equity,46,1793,13.7,94
Musanze Food Processing,Kigali,Buyout,43,878,28.4,82
Bugesera Housing Corp,Bugesera,Seed,36,937,10,81
Kigali Health Partners,Musanze,Seed,48,463,10,74
Akagera Express,Musanze,Series A,26,336,10,91
Rwamagana Solar Ltd,Kigali,Growth Equity,39,100,10,92
Rubavu Eco-Lodge,Bugesera,Series A,47,150,17.5,78
Nyamata Textile,Rubavu,Series A,23,104,35,77
Kigali AgriTech,Bugesera,Growth Equity,54,26406,10,76
Kivu Green Energy,Musanze,Growth Equity,38,146,19.5,70
Huye Tech Hub,Kigali,Series A,33,675,25.4,91
Gicumbi Dairy,Bugesera,Seed,35,248,19.9,90
Nyarugenge Hydro Power,Huye,Buyout,52,531,10,74
Musanze Food Processing,Musanze,Series A,25,877,35,97
Bugesera Housing Corp,Kigali,Buyout,29,299,35,89
Kigali Health Partners,Rubavu,Seed,35,3652,26.7,66
Akagera Express,Rwamagana,Growth Equity,49,147,23.4,95
Rwamagana Solar Ltd,Rubavu,Growth Equity,41,3923,23.4,72
Rubavu Eco-Lodge,Musanze,Series A,32,238,10,95
Nyamata Textile,Rwamagana,Buyout,29,1217,10,83
Kigali AgriTech,Bugesera,Buyout,28,1425,24.2,74
Kivu Green Energy,Kigali,Growth Equity,59,100,24.7,71
Huye Tech Hub,Huye,Series A,34,4443,10,65
Gicumbi Dairy,Huye,Growth Equity,55,1698,35,77
Nyarugenge Hydro Power,Bugesera,Series A,34,3401,35,80
Musanze Food Processing,Rwamagana,Buyout,24,922,18.4,93
Bugesera Housing Corp,Bugesera,Series A,42,380,25.8,78
Kigali Health Partners,Kigali,Seed,34,1634,15.6,74
Akagera Express,Rubavu,Seed,34,1771,16,72
Rwamagana Solar Ltd,Musanze,Buyout,51,2107,35,75
Rubavu Eco-Lodge,Huye,Buyout,58,100,10,82
Nyamata Textile,Bugesera,Series A,44,2876,35,75
Kigali AgriTech,Musanze,Buyout,33,239,35,67
Kivu Green Energy,Bugesera,Buyout,34,673,12.2,79
Huye Tech Hub,Huye,Seed,34,575,35,74
Gicumbi Dairy,Bugesera,Growth Equity,42,147,14.1,75
Nyarugenge Hydro Power,Rwamagana,Buyout,46,2254,10,80
Musanze Food Processing,Kigali,Seed,31,196,35,77
Bugesera Housing Corp,Rwamagana,Series A,39,183,19.3,77
Kigali Health Partners,Rwamagana,Seed,34,6866,21,97
Akagera Express,Huye,Seed,47,4073,35,76
Rwamagana Solar Ltd,Musanze,Series A,42,472,12.1,66
Rubavu Eco-Lodge,Rubavu,Buyout,48,652,15,74
Nyamata Textile,Musanze,Seed,30,148,14,91
Kigali AgriTech,Huye,Buyout,38,7796,35,96
Kivu Green Energy,Huye,Growth Equity,24,4600,35,94
Huye Tech Hub,Kigali,Buyout,34,101,10.8,90
Gicumbi Dairy,Rwamagana,Growth Equity,46,146,10,74
Nyarugenge Hydro Power,Musanze,Growth Equity,32,118,15.5,71
Musanze Food Processing,Rwamagana,Growth Equity,46,551,35,91
Bugesera Housing Corp,Kigali,Growth Equity,26,579,13.3,76
Kigali Health Partners,Huye,Series A,42,100,32.8,72
Akagera Express,Kigali,Buyout,50,1230,11.9,85
Rwamagana Solar Ltd,Huye,Buyout,41,489,10,67
Rubavu Eco-Lodge,Rubavu,Buyout,34,110,16.2,83
Nyamata Textile,Kigali,Buyout,32,501,29.4,82
Kigali AgriTech,Rubavu,Growth Equity,58,245,12.8,96
Kivu Green Energy,Musanze,Buyout,45,215,10.8,76
Huye Tech Hub,Rwamagana,Growth Equity,28,189,17.2,72
Gicumbi Dairy,Rwamagana,Series A,35,194,20.8,75
Nyarugenge Hydro Power,Musanze,Seed,39,1538,21.2,66
Musanze Food Processing,Kigali,Buyout,49,880,14.8,84
Bugesera Housing Corp,Kigali,Growth Equity,50,307,10,70
Kigali Health Partners,Huye,Growth Equity,37,338,18.5,83
Akagera Express,Rwamagana,Seed,45,2533,13.3,80
Rwamagana Solar Ltd,Bugesera,Growth Equity,30,2024,17,92
Rubavu Eco-Lodge,Rubavu,Growth Equity,48,571,35,77
Nyamata Textile,Bugesera,Buyout,36,1631,10,70
Kigali AgriTech,Rwamagana,Seed,41,864,23,86
Kivu Green Energy,Huye,Buyout,55,483,28.7,69
Huye Tech Hub,Musanze,Growth Equity,70,3882,35,83
Gicumbi Dairy,Kigali,Growth Equity,41,426,35,98
Nyarugenge Hydro Power,Rubavu,Buyout,47,791,28.5,89
Musanze Food Processing,Kigali,Series A,34,100,16.3,87
Bugesera Housing Corp,Huye,Seed,33,199,15.9,83
Kigali Health Partners,Musanze,Buyout,58,602,19.7,71
Akagera Express,Rwamagana,Seed,51,115,21.2,75
Rwamagana Solar Ltd,Rwamagana,Buyout,45,2029,10,72
Rubavu Eco-Lodge,Kigali,Series A,55,100,18,81
Nyamata Textile,Huye,Series A,30,285,10,82
Kigali AgriTech,Bugesera,Seed,33,524,35,72
Kivu Green Energy,Bugesera,Buyout,27,100,35,91
Huye Tech Hub,Rubavu,Seed,59,419,14.3,71
Gicumbi Dairy,Huye,Buyout,34,271,19.1,67
Nyarugenge Hydro Power,Huye,Buyout,47,1248,10,91
Musanze Food Processing,Kigali,Buyout,44,111,10,81
Bugesera Housing Corp,Kigali,Growth Equity,35,100,35,84
Kigali Health Partners,Rubavu,Growth Equity,45,306,33.7,94
Akagera Express,Rubavu,Growth Equity,42,804,10,98
Rwamagana Solar Ltd,Kigali,Seed,38,2031,16.7,74
Rubavu Eco-Lodge,Rwamagana,Growth Equity,34,1043,10,90
Nyamata Textile,Musanze,Seed,35,427,35,87
Kigali AgriTech,Huye,Series A,29,205,10,97
Kivu Green Energy,Rubavu,Buyout,58,1083,13.9,91
Huye Tech Hub,Kigali,Series A,44,887,35,88
Gicumbi Dairy,Kigali,Seed,45,100,10,86
Nyarugenge Hydro Power,Musanze,Buyout,43,3160,25.3,70
Musanze Food Processing,Bugesera,Seed,44,5880,35,86
Bugesera Housing Corp,Kigali,Growth Equity,30,890,35,88
Kigali Health Partners,Kigali,Series A,38,1549,35,66
Akagera Express,Huye,Series A,50,1512,13.1,71
Rwamagana Solar Ltd,Kigali,Buyout,21,781,10,83
Rubavu Eco-Lodge,Rubavu,Buyout,38,328,10.5,91
Nyamata Textile,Rubavu,Series A,42,100,35,76
Kigali AgriTech,Kigali,Buyout,45,2187,10,91
Kivu Green Energy,Rwamagana,Seed,34,102,18.4,90
Huye Tech Hub,Huye,Buyout,48,297,10,94
Gicumbi Dairy,Rwamagana,Series A,34,100,19.3,95
Nyarugenge Hydro Power,Bugesera,Seed,32,2005,35,68
Musanze Food Processing,Huye,Buyout,35,218,35,86
Bugesera Housing Corp,Musanze,Buyout,39,2744,25.3,88
Kigali Health Partners,Huye,Seed,36,16530,19.7,79
Akagera Express,Huye,Seed,35,113,10,80
Rwamagana Solar Ltd,Kigali,Growth Equity,57,114,35,73
Rubavu Eco-Lodge,Rwamagana,Seed,28,869,15.3,81
Nyamata Textile,Bugesera,Growth Equity,43,3585,11.3,72
Kigali AgriTech,Rubavu,Growth Equity,57,239,10,66
Kivu Green Energy,Bugesera,Growth Equity,34,302,31.8,92
Huye Tech Hub,Rubavu,Seed,36,106,10,87
Gicumbi Dairy,Bugesera,Buyout,47,2615,10,89
Nyarugenge Hydro Power,Bugesera,Buyout,36,5295,10,98
Musanze Food Processing,Kigali,Seed,33,2198,10,83
Bugesera Housing Corp,Huye,Seed,57,420,10,96
Kigali Health Partners,Rwamagana,Seed,57,3531,10,82
Akagera Express,Bugesera,Series A,34,150,10,82
Rwamagana Solar Ltd,Bugesera,Seed,51,470,10.9,70
Rubavu Eco-Lodge,Huye,Series A,54,282,10,96
Nyamata Textile,Musanze,Buyout,52,1723,10,71
Kigali AgriTech,Kigali,Buyout,43,13442,35,76
Kivu Green Energy,Rwamagana,Seed,58,6670,10.6,73
Huye Tech Hub,Bugesera,Buyout,53,325,30.4,96
Gicumbi Dairy,Bugesera,Series A,44,765,34.2,83
Nyarugenge Hydro Power,Rwamagana,Growth Equity,29,100,10,69
Musanze Food Processing,Musanze,Seed,27,154,35,74
Bugesera Housing Corp,Musanze,Growth Equity,35,146,33.8,96
Kigali Health Partners,Kigali,Seed,40,102,19.7,85
Akagera Express,Bugesera,Series A,34,203,35,87
Rwamagana Solar Ltd,Bugesera,Series A,38,983,10,79
Rubavu Eco-Lodge,Musanze,Growth Equity,32,155,35,89
Nyamata Textile,Rwamagana,Series A,41,8338,12.4,94
Kigali AgriTech,Rwamagana,Growth Equity,25,1013,11.3,89
Kivu Green Energy,Huye,Seed,38,695,24.5,94
Huye Tech Hub,Rwamagana,Buyout,26,107,18.8,98
Gicumbi Dairy,Kigali,Growth Equity,37,1761,19.9,81
Nyarugenge Hydro Power,Huye,Series A,30,202,35,67
Musanze Food Processing,Rubavu,Series A,36,438,10,83
Bugesera Housing Corp,Rubavu,Series A,33,3232,35,70
Kigali Health Partners,Rubavu,Seed,33,590,10,72
Akagera Express,Bugesera,Growth Equity,35,2782,15.6,73
Rwamagana Solar Ltd,Huye,Seed,24,100,29.9,90
Rubavu Eco-Lodge,Bugesera,Series A,29,696,35,96
Nyamata Textile,Rubavu,Buyout,54,2159,17.7,68
Kigali AgriTech,Huye,Growth Equity,27,232,12.3,72
Kivu Green Energy,Kigali,Seed,34,100,27,73
Huye Tech Hub,Rubavu,Growth Equity,39,485,22.5,67
Gicumbi Dairy,Huye,Growth Equity,38,323,10,95
Nyarugenge Hydro Power,Musanze,Growth Equity,37,100,24.7,96
Musanze Food Processing,Musanze,Growth Equity,26,612,20.6,70
Bugesera Housing Corp,Rubavu,Growth Equity,36,1269,16.8,94
Kigali Health Partners,Rubavu,Series A,35,171,35,91
Akagera Express,Kigali,Series A,30,1040,13.1,79
Rwamagana Solar Ltd,Huye,Growth Equity,25,180,10,92
Rubavu Eco-Lodge,Rwamagana,Seed,34,100,11.6,77
Nyamata Textile,Rwamagana,Growth Equity,52,1417,10,95
Kigali AgriTech,Huye,Series A,39,279,10,66
Kivu Green Energy,Musanze,Series A,34,1107,24,65
Huye Tech Hub,Huye,Growth Equity,34,100,13.2,80
Gicumbi Dairy,Rubavu,Buyout,30,1386,35,96
Nyarugenge Hydro Power,Rwamagana,Buyout,33,904,26.6,96
Musanze Food Processing,Bugesera,Growth Equity,30,104,35,94
Bugesera Housing Corp,Rwamagana,Seed,51,100,32.4,83
Kigali Health Partners,Kigali,Seed,36,517,10,83
Akagera Express,Rwamagana,Growth Equity,48,1778,26.3,87
Rwamagana Solar Ltd,Rubavu,Seed,37,632,19.9,77
Rubavu Eco-Lodge,Kigali,Series A,58,507,14.5,83
Nyamata Textile,Rubavu,Buyout,56,759,10,73
Kigali AgriTech,Rwamagana,Seed,34,493,10,70
Kivu Green Energy,Rubavu,Buyout,33,761,35,90
Huye Tech Hub,Bugesera,Seed,26,100,16.5,75
Gicumbi Dairy,Kigali,Buyout,40,938,35,69
Nyarugenge Hydro Power,Musanze,Buyout,35,295,20.3,78
Musanze Food Processing,Musanze,Series A,45,168,25.4,86
Bugesera Housing Corp,Bugesera,Growth Equity,37,342,35,71
Kigali Health Partners,Rwamagana,Series A,35,421,18.9,95
Akagera Express,Rubavu,Series A,43,3503,35,69
Rwamagana Solar Ltd,Musanze,Growth Equity,28,108,19.6,89
Rubavu Eco-Lodge,Rubavu,Growth Equity,32,839,17.1,86
Nyamata Textile,Rwamagana,Growth Equity,26,722,35,98
Kigali AgriTech,Rubavu,Buyout,35,252,35,75
Kivu Green Energy,Kigali,Growth Equity,35,102,23.9,81
Huye Tech Hub,Rwamagana,Growth Equity,39,1539,10,68
Gicumbi Dairy,Musanze,Seed,42,1591,20.3,83
Nyarugenge Hydro Power,Rubavu,Seed,32,6502,15.8,72
Musanze Food Processing,Huye,Series A,30,1310,10,76
Bugesera Housing Corp,Bugesera,Growth Equity,26,222,16,80
Kigali Health Partners,Rwamagana,Buyout,30,100,35,88
Akagera Express,Kigali,Growth Equity,32,162,16.6,74
Rwamagana Solar Ltd,Kigali,Series A,47,3433,11.4,97
Rubavu Eco-Lodge,Rubavu,Series A,33,17092,10,74
Nyamata Textile,Bugesera,Growth Equity,57,123,10,79
Kigali AgriTech,Rwamagana,Seed,35,100,12.1,72
Kivu Green Energy,Rubavu,Buyout,53,6172,22.6,74
Huye Tech Hub,Musanze,Buyout,24,466,23.4,76
Gicumbi Dairy,Rubavu,Seed,54,100,10,83
Nyarugenge Hydro Power,Huye,Seed,31,1443,10,86
Musanze Food Processing,Rwamagana,Seed,41,2205,13.4,78
Bugesera Housing Corp,Kigali,Series A,44,2419,25.1,82
Kigali Health Partners,Rwamagana,Seed,35,135,15.2,92
Akagera Express,Musanze,Series A,30,977,20.2,69
Rwamagana Solar Ltd,Rubavu,Seed,43,130,35,84
Rubavu Eco-Lodge,Bugesera,Seed,51,2182,12.3,71
Nyamata Textile,Musanze,Seed,60,189,15.6,95
Kigali AgriTech,Musanze,Buyout,43,204,33.2,80
Kivu Green Energy,Huye,Growth Equity,31,1850,10,82
Huye Tech Hub,Rubavu,Buyout,56,872,29.1,77
Gicumbi Dairy,Rubavu,Series A,42,1148,10,85
Nyarugenge Hydro Power,Bugesera,Series A,52,692,12.2,85
Musanze Food Processing,Rubavu,Series A,40,100,10.5,78
Bugesera Housing Corp,Rubavu,Series A,36,3164,35,70
Kigali Health Partners,Huye,Seed,40,133,10,73
Akagera Express,Rubavu,Buyout,46,100,26.4,82
Rwamagana Solar Ltd,Huye,Buyout,32,1749,20.4,66
Rubavu Eco-Lodge,Huye,Series A,31,387,18.2,83
Nyamata Textile,Rwamagana,Series A,41,100,35,90
Kigali AgriTech,Kigali,Series A,58,519,29.5,72
Kivu Green Energy,Rwamagana,Series A,36,357,10,75
Huye Tech Hub,Musanze,Series A,52,218,10,95
Gicumbi Dairy,Rubavu,Buyout,42,351,35,83
Nyarugenge Hydro Power,Huye,Seed,32,1831,32.3,82
Musanze Food Processing,Bugesera,Growth Equity,62,100,10,70
Bugesera Housing Corp,Rwamagana,Growth Equity,31,123,12.1,78
Kigali Health Partners,Kigali,Seed,41,486,35,85
Akagera Express,Rubavu,Buyout,34,5598,26.5,92
Rwamagana Solar Ltd,Huye,Seed,44,5163,35,89
Rubavu Eco-Lodge,Kigali,Seed,42,7141,35,81
Nyamata Textile,Huye,Seed,37,754,35,81
Kigali AgriTech,Rubavu,Series A,47,1990,16.1,90
Kivu Green Energy,Bugesera,Series A,32,2500,35,67
Huye Tech Hub,Musanze,Series A,46,619,21.7,83
Gicumbi Dairy,Musanze,Buyout,39,1290,13.6,90
Nyarugenge Hydro Power,Rwamagana,Growth Equity,28,329,32.2,75
Musanze Food Processing,Bugesera,Seed,26,303,10.4,78
Bugesera Housing Corp,Rwamagana,Growth Equity,52,1918,18.9,84
Kigali Health Partners,Rubavu,Buyout,42,1389,25,96
Akagera Express,Rubavu,Growth Equity,33,139,12.3,92
Rwamagana Solar Ltd,Kigali,Series A,73,896,35,89
Rubavu Eco-Lodge,Musanze,Buyout,35,157,35,70
Nyamata Textile,Bugesera,Growth Equity,40,1648,10.1,98
Kigali AgriTech,Rwamagana,Growth Equity,51,217,35,80
Kivu Green Energy,Musanze,Growth Equity,37,100,35,69
Huye Tech Hub,Kigali,Seed,39,791,35,72
Gicumbi Dairy,Musanze,Series A,28,164,16,70
Nyarugenge Hydro Power,Huye,Growth Equity,49,100,17.7,67
Musanze Food Processing,Musanze,Growth Equity,36,1057,20.6,98
Bugesera Housing Corp,Kigali,Growth Equity,45,218,20.8,79
Kigali Health Partners,Rubavu,Growth Equity,29,318,16.9,75
Akagera Express,Huye,Seed,35,824,28.7,89
Rwamagana Solar Ltd,Kigali,Growth Equity,35,120,35,69
Rubavu Eco-Lodge,Rwamagana,Seed,30,128,28.4,89
Nyamata Textile,Rwamagana,Growth Equity,46,765,10,74
Kigali AgriTech,Rwamagana,Series A,25,105,13.8,88
Kivu Green Energy,Musanze,Seed,36,1025,32.1,96
Huye Tech Hub,Bugesera,Growth Equity,42,2619,26.2,88
Gicumbi Dairy,Bugesera,Growth Equity,57,4027,10,74
Nyarugenge Hydro Power,Rwamagana,Growth Equity,42,501,21.7,81
Musanze Food Processing,Bugesera,Buyout,29,681,19.2,78
Bugesera Housing Corp,Bugesera,Buyout,36,1427,17.4,91
Kigali Health Partners,Kigali,Series A,31,3342,29.2,85
Akagera Express,Rwamagana,Growth Equity,59,3263,24,70
Rwamagana Solar Ltd,Kigali,Series A,50,132,28.2,96
Rubavu Eco-Lodge,Rubavu,Series A,47,410,12.8,98
Nyamata Textile,Huye,Series A,46,100,16.1,79
Kigali AgriTech,Musanze,Series A,26,255,29.1,85
Kivu Green Energy,Musanze,Growth Equity,31,11486,35,67
Huye Tech Hub,Kigali,Seed,30,1480,29.4,66
Gicumbi Dairy,Huye,Growth Equity,47,2543,35,91
Nyarugenge Hydro Power,Rubavu,Buyout,23,1229,35,97
Musanze Food Processing,Rwamagana,Buyout,44,4332,22.7,86
Bugesera Housing Corp,Kigali,Seed,42,5664,35,93
Kigali Health Partners,Rubavu,Buyout,32,502,13.5,81
Akagera Express,Musanze,Series A,28,1423,35,90
Rwamagana Solar Ltd,Rwamagana,Buyout,57,1723,24.6,66
Rubavu Eco-Lodge,Bugesera,Series A,38,1142,35,91
Nyamata Textile,Musanze,Growth Equity,22,2588,35,77
Kigali AgriTech,Musanze,Series A,54,965,10,87
Kivu Green Energy,Musanze,Series A,32,1153,35,88
Huye Tech Hub,Musanze,Growth Equity,32,1767,16.4,74
Gicumbi Dairy,Rwamagana,Series A,59,1075,26.3,85
Nyarugenge Hydro Power,Musanze,Seed,45,2671,14.6,87
Musanze Food Processing,Musanze,Buyout,53,832,35,79
Bugesera Housing Corp,Kigali,Series A,50,869,10,68
Kigali Health Partners,Musanze,Seed,34,236,13.1,65
Akagera Express,Huye,Series A,35,3736,35,67
Rwamagana Solar Ltd,Bugesera,Buyout,30,1031,35,85
Rubavu Eco-Lodge,Huye,Seed,62,665,12.3,95
Nyamata Textile,Musanze,Seed,40,371,35,70
Kigali AgriTech,Rubavu,Growth Equity,26,1253,23.8,68
Kivu Green Energy,Rubavu,Series A,34,173,10,89
Huye Tech Hub,Kigali,Seed,50,658,35,72
Gicumbi Dairy,Rwamagana,Growth Equity,31,237,35,82
Nyarugenge Hydro Power,Kigali,Series A,35,800,24,71
Musanze Food Processing,Rubavu,Seed,55,1066,10.4,95
Bugesera Housing Corp,Bugesera,Series A,34,196,10.9,79
Kigali Health Partners,Bugesera,Seed,58,4107,35,80
Akagera Express,Huye,Buyout,50,667,27.4,89
Rwamagana Solar Ltd,Bugesera,Series A,31,140,12.3,94
Rubavu Eco-Lodge,Kigali,Buyout,47,236,10,75
Nyamata Textile,Musanze,Seed,38,1017,26,95
Kigali AgriTech,Musanze,Buyout,46,693,19,74
Kivu Green Energy,Bugesera,Series A,42,605,35,85
Huye Tech Hub,Kigali,Growth Equity,34,2642,22.8,93
Gicumbi Dairy,Huye,Growth Equity,37,5455,35,70
Nyarugenge Hydro Power,Rwamagana,Series A,38,907,10,82
Musanze Food Processing,Rwamagana,Growth Equity,59,10076,10,98
Bugesera Housing Corp,Musanze,Seed,32,100,11.9,86
Kigali Health Partners,Musanze,Buyout,55,640,12.4,68
Akagera Express,Kigali,Series A,35,380,10,69
Rwamagana Solar Ltd,Musanze,Buyout,56,159,12.7,90
Rubavu Eco-Lodge,Rubavu,Buyout,27,617,17.2,82
Nyamata Textile,Rubavu,Series A,42,2713,17.4,85
Kigali AgriTech,Rwamagana,Series A,42,107,10,96
Kivu Green Energy,Musanze,Series A,41,100,23.2,68
Huye Tech Hub,Rubavu,Growth Equity,53,300,16.1,70
Gicumbi Dairy,Huye,Buyout,67,2401,12.4,79
Nyarugenge Hydro Power,Rubavu,Series A,53,204,35,66
Musanze Food Processing,Musanze,Seed,33,291,16.2,90
Bugesera Housing Corp,Bugesera,Buyout,31,794,35,69
Kigali Health Partners,Bugesera,Series A,31,312,19.1,75
Akagera Express,Huye,Growth Equity,30,1982,24.9,81
Rwamagana Solar Ltd,Bugesera,Series A,48,231,18.9,87
Rubavu Eco-Lodge,Huye,Growth Equity,30,275,16.7,87
Nyamata Textile,Huye,Growth Equity,43,100,10,67
Kigali AgriTech,Rubavu,Series A,38,4525,16.2,70
Kivu Green Energy,Kigali,Buyout,46,3633,23.5,82
Huye Tech Hub,Rubavu,Buyout,59,3673,10,77
Gicumbi Dairy,Rwamagana,Series A,44,576,12.7,80
Nyarugenge Hydro Power,Musanze,Buyout,35,1357,10,87
Musanze Food Processing,Musanze,Buyout,55,123,14.3,91
Bugesera Housing Corp,Musanze,Series A,39,100,10,93
Kigali Health Partners,Rubavu,Buyout,36,498,10,70
Akagera Express,Bugesera,Growth Equity,33,845,11.5,73
Rwamagana Solar Ltd,Kigali,Seed,48,8206,12.5,88
Rubavu Eco-Lodge,Rubavu,Series A,33,100,10,88
Nyamata Textile,Musanze,Growth Equity,67,796,10,74
Kigali AgriTech,Huye,Series A,48,1366,10,67
Kivu Green Energy,Rubavu,Buyout,57,2516,10,65
Huye Tech Hub,Bugesera,Seed,31,125,16.9,75
Gicumbi Dairy,Musanze,Seed,30,7613,26.9,74
Nyarugenge Hydro Power,Rubavu,Seed,56,129,10,98
Musanze Food Processing,Rubavu,Growth Equity,26,5216,24.6,65
Bugesera Housing Corp,Bugesera,Series A,44,1846,21.8,76
Kigali Health Partners,Huye,Series A,44,114,16.7,65
Akagera Express,Bugesera,Seed,31,4248,31.6,81
Rwamagana Solar Ltd,Huye,Seed,47,114,14.2,97
Rubavu Eco-Lodge,Rubavu,Seed,30,205,10,98
Nyamata Textile,Bugesera,Buyout,37,867,20.4,70
Kigali AgriTech,Musanze,Growth Equity,56,100,35,71
Kivu Green Energy,Rubavu,Growth Equity,43,328,12.2,65
Huye Tech Hub,Musanze,Seed,42,608,10,86
Gicumbi Dairy,Huye,Buyout,60,825,26.6,81
Nyarugenge Hydro Power,Huye,Buyout,34,141,10,66
Musanze Food Processing,Rubavu,Series A,34,284,20.3,86
Bugesera Housing Corp,Huye,Buyout,41,351,10,92
Kigali Health Partners,Rubavu,Buyout,38,117,10,73
Akagera Express,Bugesera,Seed,23,119,10,81
Rwamagana Solar Ltd,Musanze,Growth Equity,33,1164,35,82
Rubavu Eco-Lodge,Kigali,Seed,36,877,18.5,82
Nyamata Textile,Musanze,Buyout,49,477,15.8,70
Kigali AgriTech,Bugesera,Seed,34,579,35,96
Kivu Green Energy,Rwamagana,Growth Equity,40,475,10,87
Huye Tech Hub,Kigali,Growth Equity,72,896,17.3,70
Gicumbi Dairy,Huye,Seed,43,117,35,96
Nyarugenge Hydro Power,Rwamagana,Seed,44,1171,14.3,82
Musanze Food Processing,Rwamagana,Seed,35,100,10,90
Bugesera Housing Corp,Musanze,Growth Equity,46,7478,35,88
Kigali Health Partners,Musanze,Series A,55,965,10,86
Akagera Express,Musanze,Growth Equity,50,801,14.8,68
Rwamagana Solar Ltd,Musanze,Buyout,23,917,12.3,70
Rubavu Eco-Lodge,Huye,Growth Equity,34,1487,12.1,74
Nyamata Textile,Bugesera,Seed,40,100,24.5,65
Kigali AgriTech,Rubavu,Growth Equity,61,3017,21.5,73
Kivu Green Energy,Huye,Buyout,53,4641,19,79
Huye Tech Hub,Rubavu,Growth Equity,57,100,10,85
Gicumbi Dairy,Bugesera,Series A,28,4387,17.1,98
Nyarugenge Hydro Power,Rwamagana,Buyout,25,342,10,65
Musanze Food Processing,Kigali,Growth Equity,38,271,17.2,91
Bugesera Housing Corp,Bugesera,Buyout,27,359,10,82
Kigali Health Partners,Musanze,Growth Equity,45,927,31.9,67
Akagera Express,Rubavu,Buyout,31,569,11.1,90
Rwamagana Solar Ltd,Huye,Series A,39,2326,15.8,77
Rubavu Eco-Lodge,Bugesera,Buyout,42,100,10,82
Nyamata Textile,Huye,Seed,46,577,12.8,94
Kigali AgriTech,Bugesera,Growth Equity,36,142,10.2,81
Kivu Green Energy,Rwamagana,Growth Equity,30,875,12.4,96
Huye Tech Hub,Bugesera,Series A,32,109,33.4,89
Gicumbi Dairy,Rwamagana,Growth Equity,52,2657,13.4,80
Nyarugenge Hydro Power,Kigali,Growth Equity,31,2495,21.8,81
Musanze Food Processing,Bugesera,Buyout,60,4995,31.3,82
Bugesera Housing Corp,Bugesera,Buyout,35,476,20.7,95
Kigali Health Partners,Rwamagana,Buyout,38,489,26.2,92
Akagera Express,Rubavu,Seed,46,234,13.4,98
Rwamagana Solar Ltd,Rwamagana,Growth Equity,45,1373,19.7,66
Rubavu Eco-Lodge,Bugesera,Buyout,59,100,21.4,74
Nyamata Textile,Rubavu,Buyout,34,2992,35,68
Kigali AgriTech,Rwamagana,Series A,33,100,17.7,70
Kivu Green Energy,Rubavu,Growth Equity,46,395,14.1,92
Huye Tech Hub,Kigali,Buyout,48,392,16.4,73
Gicumbi Dairy,Rwamagana,Growth Equity,31,185,15.1,91
Nyarugenge Hydro Power,Rubavu,Series A,32,104,14.5,73
Musanze Food Processing,Rubavu,Seed,35,687,11.1,72
Bugesera Housing Corp,Musanze,Seed,36,467,21.7,95
Kigali Health Partners,Huye,Seed,52,1324,25.3,93
Akagera Express,Bugesera,Seed,45,1059,10,70
Rwamagana Solar Ltd,Rwamagana,Seed,34,100,26.3,79
Rubavu Eco-Lodge,Huye,Buyout,25,689,23.3,98
Nyamata Textile,Musanze,Buyout,26,108,35,77
Kigali AgriTech,Huye,Growth Equity,57,100,35,71
Kivu Green Energy,Kigali,Growth Equity,48,347,14.5,66
Huye Tech Hub,Huye,Buyout,48,5643,14.3,80
Gicumbi Dairy,Rwamagana,Series A,32,742,35,83
Nyarugenge Hydro Power,Musanze,Seed,58,111,27,91
Musanze Food Processing,Bugesera,Growth Equity,57,326,27.2,85
Bugesera Housing Corp,Bugesera,Growth Equity,31,5291,18.7,95
Kigali Health Partners,Kigali,Series A,33,420,26.8,91
Akagera Express,Kigali,Seed,53,2389,18.3,82
Rwamagana Solar Ltd,Rwamagana,Series A,36,825,12.3,90
Rubavu Eco-Lodge,Musanze,Buyout,32,805,10,78
Nyamata Textile,Huye,Growth Equity,45,876,23.2,95
Kigali AgriTech,Rubavu,Growth Equity,35,916,35,74
Kivu Green Energy,Musanze,Buyout,41,271,10,84
Huye Tech Hub,Bugesera,Series A,54,912,11.3,96
Gicumbi Dairy,Rwamagana,Series A,49,923,35,87
Nyarugenge Hydro Power,Huye,Growth Equity,28,1553,24.6,74
Musanze Food Processing,Musanze,Series A,24,531,10.8,78
Bugesera Housing Corp,Bugesera,Series A,30,1109,25.3,67
Kigali Health Partners,Bugesera,Buyout,32,386,17.5,93
Akagera Express,Kigali,Seed,53,22470,10.6,85
Rwamagana Solar Ltd,Rwamagana,Seed,42,2211,10,77
Rubavu Eco-Lodge,Rwamagana,Buyout,48,5466,24.8,79
Nyamata Textile,Musanze,Growth Equity,33,281,26.5,70
Kigali AgriTech,Rubavu,Seed,31,552,18.2,92
Kivu Green Energy,Rwamagana,Buyout,56,1870,35,83
Huye Tech Hub,Rwamagana,Growth Equity,58,100,35,73
Gicumbi Dairy,Rwamagana,Seed,37,396,10,74
Nyarugenge Hydro Power,Kigali,Seed,59,2458,10,67
Musanze Food Processing,Kigali,Seed,50,1300,35,81
Bugesera Housing Corp,Rwamagana,Series A,39,209,35,94
Kigali Health Partners,Musanze,Series A,30,716,10,93
Akagera Express,Huye,Seed,47,5006,35,73
Rwamagana Solar Ltd,Huye,Series A,44,413,21.1,87
Rubavu Eco-Lodge,Rwamagana,Buyout,38,390,28.3,83
Nyamata Textile,Kigali,Buyout,50,1340,35,84
Kigali AgriTech,Bugesera,Series A,27,3772,15.7,80
Kivu Green Energy,Rwamagana,Growth Equity,73,119,35,78
Huye Tech Hub,Rwamagana,Buyout,46,243,27.9,77
Gicumbi Dairy,Bugesera,Growth Equity,56,312,10,90
Nyarugenge Hydro Power,Bugesera,Growth Equity,36,109,35,98
Musanze Food Processing,Kigali,Buyout,33,3174,35,65
Bugesera Housing Corp,Musanze,Series A,40,1834,16.9,91
Kigali Health Partners,Musanze,Series A,52,675,31.5,82
Akagera Express,Rubavu,Seed,51,497,29.3,78
Rwamagana Solar Ltd,Musanze,Series A,33,740,35,73
Rubavu Eco-Lodge,Kigali,Buyout,54,258,19.8,77
Nyamata Textile,Rwamagana,Seed,44,3084,35,88
Kigali AgriTech,Kigali,Buyout,50,1111,34,90
Kivu Green Energy,Rwamagana,Buyout,45,100,35,85
Huye Tech Hub,Rubavu,Growth Equity,36,1233,29.3,82
Gicumbi Dairy,Rwamagana,Series A,42,5045,31.1,80
Nyarugenge Hydro Power,Musanze,Series A,37,812,29.1,65
Musanze Food Processing,Musanze,Seed,28,527,35,68
Bugesera Housing Corp,Rwamagana,Series A,56,2246,35,92
Kigali Health Partners,Kigali,Growth Equity,59,192,13.9,74
Akagera Express,Rubavu,Growth Equity,32,110,35,93
Rwamagana Solar Ltd,Bugesera,Buyout,57,1338,27.4,93
Rubavu Eco-Lodge,Kigali,Seed,49,1081,10,72
Nyamata Textile,Musanze,Series A,56,675,10,93
Kigali AgriTech,Rwamagana,Series A,48,170,24.3,85
Kivu Green Energy,Rubavu,Growth Equity,27,3833,19.8,86
Huye Tech Hub,Bugesera,Seed,31,674,35,65
Gicumbi Dairy,Huye,Seed,28,143,19,80
Nyarugenge Hydro Power,Musanze,Buyout,36,528,12.1,95
Musanze Food Processing,Rwamagana,Buyout,58,100,14.8,65
Bugesera Housing Corp,Bugesera,Series A,46,100,23.9,90
Kigali Health Partners,Musanze,Growth Equity,32,574,10,69
Akagera Express,Musanze,Seed,39,640,10,86
Rwamagana Solar Ltd,Bugesera,Series A,35,660,10,96
Rubavu Eco-Lodge,Rubavu,Series A,31,425,35,93
Nyamata Textile,Kigali,Seed,29,537,35,67
Kigali AgriTech,Rwamagana,Series A,48,674,34.8,93
Kivu Green Energy,Kigali,Growth Equity,60,100,13,87
Huye Tech Hub,Huye,Series A,74,1035,10,85
Gicumbi Dairy,Rubavu,Growth Equity,30,799,35,66
Nyarugenge Hydro Power,Kigali,Buyout,52,100,18.2,84
Musanze Food Processing,Huye,Buyout,24,320,10,96
Bugesera Housing Corp,Bugesera,Series A,29,11517,27.2,68
Kigali Health Partners,Bugesera,Growth Equity,33,312,26,78
Akagera Express,Rubavu,Growth Equity,34,167,35,97
Rwamagana Solar Ltd,Rwamagana,Buyout,45,100,26.4,81
Rubavu Eco-Lodge,Musanze,Growth Equity,31,100,27.5,80
Nyamata Textile,Rubavu,Series A,45,1773,10,95
Kigali AgriTech,Rubavu,Growth Equity,27,1302,35,69
Kivu Green Energy,Musanze,Seed,30,4313,14.2,68
Huye Tech Hub,Kigali,Buyout,45,100,35,84
Gicumbi Dairy,Musanze,Series A,57,1621,10.2,96
Nyarugenge Hydro Power,Kigali,Seed,34,1410,35,67
Musanze Food Processing,Huye,Seed,40,100,10,87
Bugesera Housing Corp,Musanze,Seed,39,499,35,93
Kigali Health Partners,Huye,Seed,46,505,13.8,78
Akagera Express,Musanze,Seed,55,9856,10.3,66
Rwamagana Solar Ltd,Kigali,Buyout,25,2606,35,97
Rubavu Eco-Lodge,Huye,Seed,34,797,16.6,89
Nyamata Textile,Huye,Seed,37,503,31.8,92
Kigali AgriTech,Rwamagana,Seed,64,990,35,76
Kivu Green Energy,Musanze,Growth Equity,45,909,15.5,75
Huye Tech Hub,Musanze,Seed,57,258,10,96
Gicumbi Dairy,Bugesera,Buyout,21,237,19.8,71
Nyarugenge Hydro Power,Rubavu,Seed,58,2805,13.7,86
Musanze Food Processing,Kigali,Buyout,41,175,35,82
Bugesera Housing Corp,Rubavu,Growth Equity,41,2557,28.5,97
Kigali Health Partners,Rwamagana,Seed,58,641,10,67
Akagera Express,Bugesera,Growth Equity,33,387,19.9,69
Rwamagana Solar Ltd,Musanze,Growth Equity,32,373,10,75
Rubavu Eco-Lodge,Huye,Growth Equity,44,100,35,75
Nyamata Textile,Rwamagana,Seed,47,777,35,93
Kigali AgriTech,Musanze,Series A,41,440,10,66
Kivu Green Energy,Kigali,Buyout,54,198,35,74
Huye Tech Hub,Rwamagana,Buyout,47,577,35,66
Gicumbi Dairy,Rwamagana,Series A,32,2729,10,94
Nyarugenge Hydro Power,Bugesera,Buyout,59,100,35,91
Musanze Food Processing,Bugesera,Growth Equity,29,2425,12.5,91
Bugesera Housing Corp,Huye,Seed,48,120,14.2,83
Kigali Health Partners,Rubavu,Buyout,32,330,35,69
Akagera Express,Rwamagana,Seed,46,952,35,69
Rwamagana Solar Ltd,Musanze,Seed,31,380,28.1,92
Rubavu Eco-Lodge,Kigali,Series A,53,125,35,90
Nyamata Textile,Rubavu,Series A,34,9951,12.8,74
Kigali AgriTech,Bugesera,Seed,48,5195,10,78
Kivu Green Energy,Rubavu,Seed,32,787,16.1,70
Huye Tech Hub,Bugesera,Seed,31,1468,12.9,96
Gicumbi Dairy,Musanze,Seed,27,279,10,98
Nyarugenge Hydro Power,Huye,Seed,60,496,35,74
Musanze Food Processing,Bugesera,Growth Equity,34,1111,13.6,75
Bugesera Housing Corp,Rubavu,Series A,52,109,10,73
Kigali Health Partners,Rwamagana,Series A,48,1259,35,66
Akagera Express,Musanze,Growth Equity,45,422,22.5,65
Rwamagana Solar Ltd,Bugesera,Seed,54,1214,10,79
Rubavu Eco-Lodge,Bugesera,Series A,52,2172,22.4,67
Nyamata Textile,Rubavu,Growth Equity,47,559,18.9,86
Kigali AgriTech,Huye,Buyout,54,1257,10,87
Kivu Green Energy,Huye,Buyout,34,8409,10,93
Huye Tech Hub,Rwamagana,Growth Equity,39,1143,19.5,92
Gicumbi Dairy,Rubavu,Growth Equity,46,2198,11,77
Nyarugenge Hydro Power,Bugesera,Series A,26,561,21.4,82
Musanze Food Processing,Bugesera,Buyout,37,161,18.2,65
Bugesera Housing Corp,Huye,Series A,47,1303,23.9,92
Kigali Health Partners,Huye,Series A,35,1167,17.9,98
Akagera Express,Musanze,Buyout,57,100,35,66
Rwamagana Solar Ltd,Kigali,Seed,34,1757,35,77
Rubavu Eco-Lodge,Huye,Buyout,47,1319,35,81
Nyamata Textile,Musanze,Buyout,27,107,10,98
Kigali AgriTech,Huye,Buyout,40,939,35,71
Kivu Green Energy,Musanze,Growth Equity,39,1094,22.1,78
Huye Tech Hub,Bugesera,Growth Equity,36,106,24.6,83
Gicumbi Dairy,Kigali,Growth Equity,42,100,35,71
Nyarugenge Hydro Power,Huye,Series A,23,8727,28.1,66
Musanze Food Processing,Musanze,Buyout,34,233,10,73
Bugesera Housing Corp,Musanze,Growth Equity,34,347,19.3,97
Kigali Health Partners,Rubavu,Seed,49,1214,28.3,93
Akagera Express,Kigali,Series A,57,1692,10,77
Rwamagana Solar Ltd,Rwamagana,Seed,59,100,35,89
Rubavu Eco-Lodge,Huye,Seed,57,146,23.8,86
Nyamata Textile,Rwamagana,Seed,34,1321,18.2,74
Kigali AgriTech,Musanze,Buyout,61,1085,35,80
Kivu Green Energy,Musanze,Seed,35,100,35,98
Huye Tech Hub,Rwamagana,Growth Equity,42,620,15.8,81
Gicumbi Dairy,Huye,Series A,57,110,32,84
Nyarugenge Hydro Power,Rubavu,Growth Equity,42,2257,14.9,70
Musanze Food Processing,Rwamagana,Growth Equity,53,6195,35,82
Bugesera Housing Corp,Kigali,Seed,63,233,10.4,68
Kigali Health Partners,Rubavu,Series A,47,1221,35,73
Akagera Express,Huye,Buyout,54,188,19,82
Rwamagana Solar Ltd,Musanze,Buyout,45,100,14.5,68
Rubavu Eco-Lodge,Huye,Seed,28,428,31.8,78
Nyamata Textile,Rubavu,Series A,58,710,24.6,80
Kigali AgriTech,Musanze,Seed,48,514,35,81
Kivu Green Energy,Bugesera,Seed,35,100,17.1,95
Huye Tech Hub,Kigali,Growth Equity,37,100,14.3,76
Gicumbi Dairy,Rubavu,Growth Equity,37,785,35,97
Nyarugenge Hydro Power,Musanze,Seed,37,22956,15.4,97
Musanze Food Processing,Bugesera,Buyout,25,452,24.6,67
Bugesera Housing Corp,Musanze,Seed,58,702,20.1,70
Kigali Health Partners,Bugesera,Series A,52,688,10,97
Akagera Express,Huye,Buyout,19,402,20.5,87
Rwamagana Solar Ltd,Rubavu,Seed,59,5414,20,75
Rubavu Eco-Lodge,Rwamagana,Series A,41,164,21,90
Nyamata Textile,Rubavu,Growth Equity,34,732,21.5,77
Kigali AgriTech,Huye,Seed,35,5831,16.4,88
Kivu Green Energy,Kigali,Growth Equity,41,1002,10,87
Huye Tech Hub,Kigali,Seed,28,6407,35,71
Gicumbi Dairy,Musanze,Growth Equity,53,212,24.6,94
Nyarugenge Hydro Power,Musanze,Buyout,35,100,10,92
Musanze Food Processing,Rubavu,Seed,33,721,21.7,89
Bugesera Housing Corp,Rubavu,Series A,37,535,21,66
Kigali Health Partners,Bugesera,Series A,32,882,11.6,76
Akagera Express,Kigali,Seed,32,578,20,68
Rwamagana Solar Ltd,Huye,Series A,54,7964,14.5,74
Rubavu Eco-Lodge,Rwamagana,Seed,44,2010,10,74
Nyamata Textile,Musanze,Series A,36,1274,19.2,70
Kigali AgriTech,Bugesera,Growth Equity,56,1370,10,83
Kivu Green Energy,Kigali,Growth Equity,30,118,12.1,82
Huye Tech Hub,Musanze,Growth Equity,36,241,10.6,91
Gicumbi Dairy,Rwamagana,Growth Equity,43,2986,23,73
Nyarugenge Hydro Power,Huye,Growth Equity,40,2815,12.5,83
Musanze Food Processing,Bugesera,Buyout,32,1200,10,73
Bugesera Housing Corp,Rwamagana,Seed,34,616,10,85
Kigali Health Partners,Kigali,Growth Equity,37,101,35,72
Akagera Express,Musanze,Seed,28,875,35,83
Rwamagana Solar Ltd,Rwamagana,Buyout,35,734,18.5,87
Rubavu Eco-Lodge,Huye,Growth Equity,53,5815,28.7,75
Nyamata Textile,Bugesera,Buyout,60,1188,14.9,75
Kigali AgriTech,Bugesera,Buyout,40,1632,17.3,70
Kivu Green Energy,Bugesera,Buyout,57,175,11.8,67
Huye Tech Hub,Kigali,Buyout,29,203,31.4,82
Gicumbi Dairy,Rwamagana,Seed,44,234,35,84
Nyarugenge Hydro Power,Musanze,Growth Equity,41,848,10,86
Musanze Food Processing,Musanze,Series A,47,2090,10.8,66
Bugesera Housing Corp,Musanze,Series A,43,292,20.3,78
Kigali Health Partners,Kigali,Buyout,37,367,12.1,95
Akagera Express,Bugesera,Buyout,34,686,35,78
Rwamagana Solar Ltd,Rubavu,Seed,30,748,28.7,76
Rubavu Eco-Lodge,Bugesera,Growth Equity,57,125,35,69
Nyamata Textile,Huye,Buyout,26,196,35,97
Kigali AgriTech,Musanze,Series A,34,1216,10,88
Kivu Green Energy,Bugesera,Seed,46,190,27,84
Huye Tech Hub,Musanze,Series A,38,270,35,94
Gicumbi Dairy,Rwamagana,Buyout,37,3765,35,85
Nyarugenge Hydro Power,Rubavu,Series A,28,2480,35,73
Musanze Food Processing,Musanze,Seed,57,279,23,73
Bugesera Housing Corp,Huye,Seed,39,863,35,73
Kigali Health Partners,Rwamagana,Series A,49,420,35,96
Akagera Express,Rubavu,Buyout,38,2060,16.1,91
Rwamagana Solar Ltd,Rwamagana,Series A,27,918,18.8,72
Rubavu Eco-Lodge,Bugesera,Growth Equity,30,2778,10,81
Nyamata Textile,Huye,Growth Equity,38,2080,17.6,81
Kigali AgriTech,Bugesera,Seed,36,1682,10,67
Kivu Green Energy,Rwamagana,Buyout,38,162,21.2,75
Huye Tech Hub,Musanze,Series A,59,335,11.9,90
Gicumbi Dairy,Musanze,Growth Equity,37,589,20.5,88
Nyarugenge Hydro Power,Bugesera,Buyout,29,4031,10,66
Musanze Food Processing,Kigali,Growth Equity,43,799,35,74
Bugesera Housing Corp,Rubavu,Growth Equity,33,158,10,70
Kigali Health Partners,Bugesera,Series A,54,1427,11.5,73
Akagera Express,Huye,Seed,55,657,10,82
Rwamagana Solar Ltd,Huye,Series A,32,841,23.8,79
Rubavu Eco-Lodge,Bugesera,Seed,48,3330,20.7,77
Nyamata Textile,Bugesera,Seed,33,1539,17.8,73
Kigali AgriTech,Kigali,Series A,46,220,10,77
Kivu Green Energy,Rubavu,Seed,44,1158,18.8,85
Huye Tech Hub,Kigali,Buyout,47,981,14.3,74
Gicumbi Dairy,Bugesera,Growth Equity,38,6828,23.2,91
Nyarugenge Hydro Power,Musanze,Series A,80,562,12.7,66
Musanze Food Processing,Bugesera,Growth Equity,40,267,35,80
Bugesera Housing Corp,Rwamagana,Buyout,43,1674,16.7,78
Kigali Health Partners,Rubavu,Seed,32,1725,35,71
Akagera Express,Huye,Series A,39,662,30.3,69
Rwamagana Solar Ltd,Kigali,Buyout,33,9405,35,81
Rubavu Eco-Lodge,Kigali,Seed,31,135,22.9,70
Nyamata Textile,Rwamagana,Growth Equity,36,100,10.8,82
Kigali AgriTech,Rwamagana,Growth Equity,35,2586,26.5,65
Kivu Green Energy,Kigali,Growth Equity,25,468,16.8,70
Huye Tech Hub,Kigali,Buyout,33,1658,10,76
Gicumbi Dairy,Musanze,Series A,23,8727,16.9,82
Nyarugenge Hydro Power,Musanze,Buyout,31,2690,10.3,89
Musanze Food Processing,Huye,Growth Equity,36,100,35,97
Bugesera Housing Corp,Huye,Buyout,44,1000,32.2,68
Kigali Health Partners,Huye,Series A,31,485,30.4,84
Akagera Express,Rubavu,Buyout,55,1749,10,71
Rwamagana Solar Ltd,Bugesera,Seed,51,9328,35,90
Rubavu Eco-Lodge,Rubavu,Growth Equity,36,100,10.1,94
Nyamata Textile,Rubavu,Growth Equity,27,101,10,66
Kigali AgriTech,Musanze,Buyout,40,871,17.3,76
Kivu Green Energy,Bugesera,Growth Equity,49,380,16.2,80
Huye Tech Hub,Bugesera,Growth Equity,59,146,10,78
Gicumbi Dairy,Musanze,Series A,32,2531,35,68
Nyarugenge Hydro Power,Bugesera,Buyout,42,408,11.4,65
Musanze Food Processing,Musanze,Growth Equity,35,260,14.1,79
Bugesera Housing Corp,Bugesera,Seed,29,655,13.3,86
Kigali Health Partners,Kigali,Seed,29,878,35,68
Akagera Express,Musanze,Growth Equity,37,148,14,91
Rwamagana Solar Ltd,Musanze,Seed,49,269,10,78
Rubavu Eco-Lodge,Rwamagana,Seed,51,112,15,69
Nyamata Textile,Bugesera,Series A,61,948,35,75
Kigali AgriTech,Bugesera,Buyout,43,581,16.4,66
Kivu Green Energy,Musanze,Series A,42,12323,10,95
Huye Tech Hub,Rubavu,Series A,24,354,29,89
Gicumbi Dairy,Rubavu,Buyout,46,1248,10.4,88
Nyarugenge Hydro Power,Rubavu,Seed,23,105,35,86
Musanze Food Processing,Kigali,Buyout,26,150,15.3,83
Bugesera Housing Corp,Musanze,Seed,43,192,23.7,66
Kigali Health Partners,Musanze,Series A,35,570,35,82
Akagera Express,Kigali,Growth Equity,38,100,10,70
Rwamagana Solar Ltd,Rubavu,Series A,56,209,35,84
Rubavu Eco-Lodge,Rubavu,Growth Equity,31,540,11.7,69
Nyamata Textile,Bugesera,Seed,32,100,35,84
Kigali AgriTech,Rubavu,Growth Equity,28,2785,10,78
Kivu Green Energy,Rwamagana,Buyout,26,103,18.1,79
Huye Tech Hub,Rwamagana,Series A,49,7107,32.5,95
Gicumbi Dairy,Musanze,Growth Equity,33,320,34.5,67
Nyarugenge Hydro Power,Kigali,Seed,80,1648,33.1,93
Musanze Food Processing,Rwamagana,Seed,40,426,11.2,83
Bugesera Housing Corp,Musanze,Growth Equity,42,100,11.5,73
Kigali Health Partners,Rubavu,Series A,46,223,35,88
Akagera Express,Musanze,Growth Equity,32,797,11.9,89
Rwamagana Solar Ltd,Musanze,Seed,37,323,10,74
Rubavu Eco-Lodge,Huye,Growth Equity,32,1794,35,81
Nyamata Textile,Rubavu,Buyout,53,4546,35,71
Kigali AgriTech,Kigali,Series A,39,994,35,68
Kivu Green Energy,Huye,Seed,31,302,14.6,78
Huye Tech Hub,Rubavu,Growth Equity,34,100,19.1,85
Gicumbi Dairy,Bugesera,Series A,44,1807,35,90
Nyarugenge Hydro Power,Rubavu,Growth Equity,35,13758,22,86
Musanze Food Processing,Bugesera,Buyout,39,506,25.3,97
Bugesera Housing Corp,Bugesera,Seed,55,196,34,65
Kigali Health Partners,Rubavu,Series A,34,100,15.4,71
Akagera Express,Kigali,Growth Equity,39,376,12.1,66
Rwamagana Solar Ltd,Rubavu,Seed,58,513,10.4,89
Rubavu Eco-Lodge,Kigali,Buyout,37,755,12.7,77
Nyamata Textile,Rwamagana,Growth Equity,56,794,14.4,69
Kigali AgriTech,Bugesera,Growth Equity,32,10318,14.9,87
Kivu Green Energy,Bugesera,Growth Equity,41,1746,26.1,97
Huye Tech Hub,Bugesera,Buyout,29,114,10,87
Gicumbi Dairy,Rubavu,Seed,44,7735,35,84
Nyarugenge Hydro Power,Musanze,Seed,24,109,29.2,70
Musanze Food Processing,Huye,Seed,43,1129,14.5,68
Bugesera Housing Corp,Musanze,Series A,26,2955,10,76
Kigali Health Partners,Rwamagana,Seed,39,360,14.6,97
Akagera Express,Bugesera,Buyout,49,2139,35,73
Rwamagana Solar Ltd,Musanze,Series A,52,197,16.7,90
Rubavu Eco-Lodge,Kigali,Series A,33,1565,10,84
Nyamata Textile,Huye,Growth Equity,30,225,23.8,98
Kigali AgriTech,Huye,Growth Equity,32,1030,10,97
Kivu Green Energy,Rwamagana,Seed,27,100,32.3,91
Huye Tech Hub,Rubavu,Series A,58,173,11.6,90
Gicumbi Dairy,Kigali,Buyout,46,135,30.4,87
Nyarugenge Hydro Power,Kigali,Buyout,28,1451,26.7,96
Musanze Food Processing,Bugesera,Growth Equity,39,1701,20.1,80
Bugesera Housing Corp,Rwamagana,Growth Equity,41,188,10.5,89
Kigali Health Partners,Huye,Series A,38,535,19.3,72
Akagera Express,Kigali,Growth Equity,50,817,11.3,93
Rwamagana Solar Ltd,Musanze,Buyout,56,805,15.1,87
Rubavu Eco-Lodge,Musanze,Seed,34,1653,20,79
Nyamata Textile,Kigali,Growth Equity,33,231,14.5,70
Kigali AgriTech,Rubavu,Buyout,61,1291,21.4,91
Kivu Green Energy,Bugesera,Series A,36,147,10,68
Huye Tech Hub,Musanze,Seed,34,644,10,73
Gicumbi Dairy,Rubavu,Growth Equity,36,788,17.4,73
Nyarugenge Hydro Power,Huye,Growth Equity,45,342,35,66
Musanze Food Processing,Kigali,Growth Equity,27,218,11.2,68
Bugesera Housing Corp,Rubavu,Growth Equity,45,488,17.5,71
Kigali Health Partners,Huye,Buyout,40,1703,27.9,69
Akagera Express,Bugesera,Growth Equity,36,1611,27,96
Rwamagana Solar Ltd,Bugesera,Buyout,46,247,11.6,97
Rubavu Eco-Lodge,Huye,Seed,37,936,12.9,90
Nyamata Textile,Musanze,Seed,36,155,10,74
Kigali AgriTech,Kigali,Growth Equity,37,1223,13.8,85
Kivu Green Energy,Rubavu,Growth Equity,22,791,33.8,67
Huye Tech Hub,Musanze,Buyout,51,100,35,68
Gicumbi Dairy,Rubavu,Growth Equity,49,12631,10,69
Nyarugenge Hydro Power,Rubavu,Buyout,35,652,31.4,67
Musanze Food Processing,Rubavu,Series A,50,100,17.9,94
Bugesera Housing Corp,Rwamagana,Buyout,31,409,29.4,92
Kigali Health Partners,Rubavu,Buyout,47,133,29.8,75
Akagera Express,Kigali,Series A,59,781,35,93
Rwamagana Solar Ltd,Rwamagana,Seed,32,1887,10,86
Rubavu Eco-Lodge,Kigali,Buyout,71,14320,35,71
Nyamata Textile,Huye,Seed,31,12669,34.4,72
Kigali AgriTech,Huye,Buyout,41,104,10,84
Kivu Green Energy,Bugesera,Series A,35,3687,14.8,97
Huye Tech Hub,Huye,Seed,36,354,16.1,88
Gicumbi Dairy,Rwamagana,Growth Equity,46,1812,11,86
Nyarugenge Hydro Power,Kigali,Seed,46,4955,35,72
Musanze Food Processing,Musanze,Buyout,47,2508,23.6,87
Bugesera Housing Corp,Rubavu,Series A,35,352,10,96
Kigali Health Partners,Musanze,Buyout,37,446,35,86
Akagera Express,Kigali,Growth Equity,56,145,35,97
Rwamagana Solar Ltd,Rubavu,Seed,46,656,35,87
Rubavu Eco-Lodge,Musanze,Series A,44,810,18.3,81
Nyamata Textile,Musanze,Seed,48,651,16.8,85
Kigali AgriTech,Huye,Buyout,28,156,10,93
Kivu Green Energy,Rubavu,Buyout,38,1614,16,65
Huye Tech Hub,Rubavu,Series A,34,278,10,83
Gicumbi Dairy,Bugesera,Growth Equity,56,459,22,72
Nyarugenge Hydro Power,Rubavu,Series A,55,1680,35,77
Musanze Food Processing,Kigali,Seed,44,321,14.9,93
Bugesera Housing Corp,Huye,Growth Equity,38,1261,35,90
Kigali Health Partners,Huye,Growth Equity,53,1378,17.4,95
Akagera Express,Musanze,Seed,41,1082,10.5,93
Rwamagana Solar Ltd,Rubavu,Series A,34,116,35,93
Rubavu Eco-Lodge,Rubavu,Seed,34,101,35,96
Nyamata Textile,Musanze,Series A,35,228,13.6,82
Kigali AgriTech,Rwamagana,Buyout,38,2643,22.3,77
Kivu Green Energy,Musanze,Series A,42,42145,20.5,72
Huye Tech Hub,Musanze,Growth Equity,56,928,21.4,89
Gicumbi Dairy,Musanze,Buyout,37,100,21.7,97
Nyarugenge Hydro Power,Rubavu,Series A,47,4040,17.1,93
Musanze Food Processing,Kigali,Series A,29,225,10,88
Bugesera Housing Corp,Rwamagana,Growth Equity,41,240,10,92
Kigali Health Partners,Musanze,Series A,43,693,10,77
Akagera Express,Rwamagana,Series A,38,846,25.6,78
Rwamagana Solar Ltd,Kigali,Buyout,31,689,15.1,69
Rubavu Eco-Lodge,Rwamagana,Series A,32,2443,22.6,86
Nyamata Textile,Rubavu,Seed,40,394,10,71
Kigali AgriTech,Rwamagana,Growth Equity,45,744,10,90
Kivu Green Energy,Bugesera,Series A,43,126,34.3,78
Huye Tech Hub,Rwamagana,Series A,27,3454,35,74
Gicumbi Dairy,Rubavu,Buyout,33,123,21.6,91
Nyarugenge Hydro Power,Rubavu,Buyout,37,107,22.4,92
Musanze Food Processing,Rwamagana,Buyout,60,3835,19,65
Bugesera Housing Corp,Kigali,Series A,51,2194,35,80
Kigali Health Partners,Bugesera,Seed,44,608,22.2,92
Akagera Express,Huye,Series A,48,100,35,76
Rwamagana Solar Ltd,Kigali,Series A,57,193,13.7,68
Rubavu Eco-Lodge,Rwamagana,Buyout,29,100,10.4,97
Nyamata Textile,Rwamagana,Growth Equity,50,26494,20.6,96
Kigali AgriTech,Huye,Series A,36,111,17.2,83
Kivu Green Energy,Musanze,Growth Equity,49,623,15.2,84
Huye Tech Hub,Rubavu,Series A,49,174,11.4,86
Gicumbi Dairy,Bugesera,Growth Equity,35,100,10,77
Nyarugenge Hydro Power,Musanze,Series A,39,222,15.8,65
Musanze Food Processing,Kigali,Buyout,34,451,32.6,67
Bugesera Housing Corp,Kigali,Series A,57,135,21.5,86
Kigali Health Partners,Kigali,Series A,37,2710,10,83
Akagera Express,Kigali,Series A,25,164,10,87
Rwamagana Solar Ltd,Rwamagana,Buyout,43,160,35,75
Rubavu Eco-Lodge,Musanze,Growth Equity,37,442,34,86
Nyamata Textile,Rwamagana,Buyout,36,1930,18.3,88
Kigali AgriTech,Kigali,Seed,49,2004,13.1,95
Kivu Green Energy,Musanze,Series A,38,17057,20.8,87
Huye Tech Hub,Rubavu,Series A,39,126,31.1,94
Gicumbi Dairy,Kigali,Buyout,40,100,14.7,78
Nyarugenge Hydro Power,Huye,Series A,34,179,10,93
Musanze Food Processing,Huye,Buyout,39,2403,35,90
Bugesera Housing Corp,Musanze,Growth Equity,53,165,10,76
Kigali Health Partners,Musanze,Series A,44,432,35,69
Akagera Express,Bugesera,Growth Equity,32,499,18,83
Rwamagana Solar Ltd,Kigali,Series A,50,154,35,96
Rubavu Eco-Lodge,Huye,Buyout,29,202,13.4,77
Nyamata Textile,Huye,Growth Equity,55,4909,22.3,93
Kigali AgriTech,Rubavu,Seed,73,379,35,78
Kivu Green Energy,Bugesera,Seed,52,111,35,94
Huye Tech Hub,Rwamagana,Growth Equity,49,2301,23.3,94
Gicumbi Dairy,Musanze,Growth Equity,63,8144,35,93
Nyarugenge Hydro Power,Rubavu,Growth Equity,34,2474,16.1,84
Musanze Food Processing,Bugesera,Series A,32,192,11,96
Bugesera Housing Corp,Rubavu,Growth Equity,49,543,10,79
Kigali Health Partners,Musanze,Growth Equity,40,1497,10,67
Akagera Express,Rubavu,Seed,53,107,10,72
Rwamagana Solar Ltd,Kigali,Seed,53,3277,10,73
Rubavu Eco-Lodge,Bugesera,Seed,43,332,10,86
Nyamata Textile,Rubavu,Growth Equity,35,181,10,69
Kigali AgriTech,Bugesera,Buyout,35,514,10,78
Kivu Green Energy,Musanze,Series A,25,1533,35,72
Huye Tech Hub,Rwamagana,Series A,31,287,10,87
Gicumbi Dairy,Rwamagana,Seed,48,100,10,98
Nyarugenge Hydro Power,Rwamagana,Seed,40,4710,15.4,83
Musanze Food Processing,Kigali,Seed,46,1529,10,82
Bugesera Housing Corp,Rwamagana,Series A,30,434,35,73
Kigali Health Partners,Rubavu,Seed,47,102,10,75
Akagera Express,Musanze,Buyout,23,600,11.1,83
Rwamagana Solar Ltd,Rubavu,Buyout,29,143,10,78
Rubavu Eco-Lodge,Musanze,Series A,38,4130,10,86
Nyamata Textile,Bugesera,Buyout,56,406,21.2,87
Kigali AgriTech,Rubavu,Seed,52,100,10,81
Kivu Green Energy,Kigali,Growth Equity,55,268,10,96
Huye Tech Hub,Huye,Growth Equity,43,310,35,66
Gicumbi Dairy,Kigali,Buyout,34,618,20.6,78
Nyarugenge Hydro Power,Rwamagana,Growth Equity,43,1796,25.7,67
Musanze Food Processing,Huye,Seed,55,131,10,90
Bugesera Housing Corp,Bugesera,Series A,34,956,35,89
Kigali Health Partners,Musanze,Growth Equity,34,418,13.3,80
Akagera Express,Huye,Seed,43,164,23,93
Rwamagana Solar Ltd,Rwamagana,Seed,39,900,10,74
Rubavu Eco-Lodge,Musanze,Series A,39,175,10,68
Nyamata Textile,Musanze,Series A,34,447,15.4,78
Kigali AgriTech,Rwamagana,Buyout,55,2466,10,77
Kivu Green Energy,Rubavu,Series A,67,801,25.4,68
Huye Tech Hub,Rubavu,Series A,34,575,35,90
Gicumbi Dairy,Bugesera,Growth Equity,47,3385,24.8,67
Nyarugenge Hydro Power,Huye,Buyout,33,1025,35,87
Musanze Food Processing,Huye,Series A,45,228,27.5,86
Bugesera Housing Corp,Rubavu,Buyout,36,1687,20,91
Kigali Health Partners,Huye,Series A,59,979,22.8,97
Akagera Express,Musanze,Buyout,33,578,35,86
Rwamagana Solar Ltd,Rubavu,Buyout,52,380,35,84
Rubavu Eco-Lodge,Bugesera,Seed,53,1968,15.6,84
Nyamata Textile,Bugesera,Buyout,41,919,24.4,92
Kigali AgriTech,Rubavu,Growth Equity,45,4746,11.8,75
Kivu Green Energy,Musanze,Buyout,60,127,10,90
Huye Tech Hub,Huye,Growth Equity,32,836,35,79
Gicumbi Dairy,Bugesera,Seed,28,324,10,65
Nyarugenge Hydro Power,Kigali,Buyout,31,2644,25.2,98
Musanze Food Processing,Musanze,Buyout,53,527,35,80
Bugesera Housing Corp,Musanze,Growth Equity,58,2864,23.5,98
Kigali Health Partners,Bugesera,Buyout,38,476,35,96
Akagera Express,Huye,Growth Equity,46,623,10.5,70
Rwamagana Solar Ltd,Rwamagana,Growth Equity,53,171,10,77
Rubavu Eco-Lodge,Kigali,Series A,56,4048,35,86
Nyamata Textile,Bugesera,Buyout,52,1910,11.7,79
Kigali AgriTech,Huye,Seed,38,1094,11.9,73
Kivu Green Energy,Huye,Seed,37,152,35,92
Huye Tech Hub,Kigali,Growth Equity,37,111,10.9,67
Gicumbi Dairy,Huye,Buyout,37,100,23.6,79
Nyarugenge Hydro Power,Kigali,Seed,66,847,20.3,68
Musanze Food Processing,Kigali,Seed,44,2757,20.2,89
Bugesera Housing Corp,Bugesera,Growth Equity,61,413,10,66
Kigali Health Partners,Kigali,Buyout,34,161,10,87
Akagera Express,Kigali,Seed,33,2657,18.6,96
Rwamagana Solar Ltd,Bugesera,Seed,30,100,17.2,79
Rubavu Eco-Lodge,Rwamagana,Growth Equity,27,110,35,88
Nyamata Textile,Kigali,Buyout,37,758,17.5,79
Kigali AgriTech,Bugesera,Seed,38,1779,10,83
Kivu Green Energy,Rubavu,Series A,35,100,35,65
Huye Tech Hub,Huye,Growth Equity,50,941,10,74
Gicumbi Dairy,Rwamagana,Series A,39,100,10,90
Nyarugenge Hydro Power,Rwamagana,Growth Equity,35,1260,11.6,95
Musanze Food Processing,Huye,Series A,36,137,15.1,71
Bugesera Housing Corp,Kigali,Buyout,28,194,30,74
Kigali Health Partners,Huye,Growth Equity,39,685,10,94
Akagera Express,Rubavu,Seed,39,335,21.7,67
Rwamagana Solar Ltd,Huye,Series A,30,2245,35,96
Rubavu Eco-Lodge,Kigali,Growth Equity,32,1564,19.3,66
Nyamata Textile,Huye,Seed,28,332,10,72
Kigali AgriTech,Musanze,Buyout,47,287,16.5,79
Kivu Green Energy,Rubavu,Buyout,53,112,34.5,96
Huye Tech Hub,Rubavu,Seed,57,418,20.6,76
Gicumbi Dairy,Rubavu,Buyout,47,505,35,90
Nyarugenge Hydro Power,Bugesera,Series A,56,434,12.7,80
Musanze Food Processing,Rubavu,Seed,38,100,10,83
Bugesera Housing Corp,Kigali,Seed,52,102,10,67
Kigali Health Partners,Huye,Buyout,46,1066,10,83
Akagera Express,Kigali,Growth Equity,57,295,18.5,86
Rwamagana Solar Ltd,Musanze,Growth Equity,42,100,10,74
Rubavu Eco-Lodge,Kigali,Series A,57,100,10,83
Nyamata Textile,Huye,Growth Equity,51,360,31.6,86
Kigali AgriTech,Kigali,Buyout,53,551,12.5,71
Kivu Green Energy,Rubavu,Seed,37,3342,23.3,84
Huye Tech Hub,Huye,Growth Equity,47,8615,10,84
Gicumbi Dairy,Huye,Growth Equity,48,1908,24.5,67
Nyarugenge Hydro Power,Rubavu,Buyout,39,120,10.9,83
Musanze Food Processing,Bugesera,Seed,42,3168,35,68
Bugesera Housing Corp,Bugesera,Seed,36,123,13.3,88
Kigali Health Partners,Rubavu,Series A,34,1176,10,97
Akagera Express,Huye,Buyout,61,1160,11.8,68
Rwamagana Solar Ltd,Kigali,Growth Equity,32,778,35,73
Rubavu Eco-Lodge,Kigali,Seed,35,1247,10,77
Nyamata Textile,Kigali,Buyout,54,730,17.3,65
Kigali AgriTech,Huye,Seed,31,559,10,66
Kivu Green Energy,Musanze,Buyout,45,1076,18.3,78
Huye Tech Hub,Huye,Series A,32,457,17.5,78
Gicumbi Dairy,Huye,Series A,52,109,12.3,92
Nyarugenge Hydro Power,Huye,Growth Equity,36,2027,28.8,91
Musanze Food Processing,Kigali,Seed,31,600,10,83
Bugesera Housing Corp,Musanze,Buyout,53,9246,13.6,66
Kigali Health Partners,Kigali,Buyout,43,159,35,82
Akagera Express,Musanze,Series A,47,100,35,88
Rwamagana Solar Ltd,Kigali,Seed,46,428,35,98
Rubavu Eco-Lodge,Musanze,Series A,34,391,10,87
Nyamata Textile,Kigali,Growth Equity,55,803,12.3,79
Kigali AgriTech,Huye,Buyout,23,689,10,67
Kivu Green Energy,Kigali,Series A,75,6153,35,82
Huye Tech Hub,Bugesera,Growth Equity,58,1242,10,71
Gicumbi Dairy,Musanze,Growth Equity,35,825,21.9,88
Nyarugenge Hydro Power,Musanze,Series A,27,902,35,66
Musanze Food Processing,Bugesera,Growth Equity,24,656,35,89
Bugesera Housing Corp,Rubavu,Buyout,48,291,23.8,77
Kigali Health Partners,Rubavu,Growth Equity,31,473,34.6,84
Akagera Express,Rubavu,Growth Equity,57,6264,16.1,70
Rwamagana Solar Ltd,Kigali,Buyout,53,137,10,66
Rubavu Eco-Lodge,Bugesera,Seed,42,1256,10,69
Nyamata Textile,Bugesera,Seed,50,906,14.1,85
Kigali AgriTech,Musanze,Growth Equity,59,2481,17.3,87
Kivu Green Energy,Huye,Buyout,38,414,10,94
Huye Tech Hub,Rubavu,Growth Equity,39,385,20.9,67
Gicumbi Dairy,Kigali,Growth Equity,28,1299,35,93
Nyarugenge Hydro Power,Bugesera,Buyout,55,581,14.7,79
Musanze Food Processing,Huye,Seed,33,237,10,68
Bugesera Housing Corp,Huye,Buyout,36,268,10,78
Kigali Health Partners,Rwamagana,Buyout,38,256,35,97
Akagera Express,Musanze,Series A,28,4845,35,68
Rwamagana Solar Ltd,Kigali,Seed,32,11897,10,95
Rubavu Eco-Lodge,Musanze,Growth Equity,35,886,32.2,72
Nyamata Textile,Rwamagana,Seed,58,4115,10.6,67
Kigali AgriTech,Kigali,Seed,30,100,10,76
Kivu Green Energy,Rwamagana,Series A,33,431,17.8,83
Huye Tech Hub,Huye,Buyout,36,1654,32.5,80
Gicumbi Dairy,Huye,Buyout,32,232,34.3,65
Nyarugenge Hydro Power,Kigali,Seed,34,5186,21.3,94
Musanze Food Processing,Musanze,Seed,42,629,19.3,65
Bugesera Housing Corp,Musanze,Seed,41,4924,16.8,76
Kigali Health Partners,Kigali,Seed,63,574,35,82
Akagera Express,Rubavu,Series A,38,186,21.8,65
Rwamagana Solar Ltd,Musanze,Buyout,54,2381,15.8,76
Rubavu Eco-Lodge,Huye,Seed,39,286,35,91
Nyamata Textile,Bugesera,Growth Equity,46,237,25.2,79
Kigali AgriTech,Rwamagana,Seed,37,7068,17.5,67
Kivu Green Energy,Bugesera,Series A,76,186,19.2,96
Huye Tech Hub,Kigali,Seed,28,181,15.8,90
Gicumbi Dairy,Huye,Growth Equity,33,7004,11.4,87
Nyarugenge Hydro Power,Kigali,Growth Equity,46,237,24.6,79
Musanze Food Processing,Rwamagana,Buyout,30,125,10,95
Bugesera Housing Corp,Kigali,Growth Equity,60,859,13.6,79
Kigali Health Partners,Kigali,Buyout,56,2022,24.7,85
Akagera Express,Musanze,Buyout,24,3398,22.7,68
Rwamagana Solar Ltd,Bugesera,Seed,58,864,21.9,89
Rubavu Eco-Lodge,Rwamagana,Seed,79,8656,32.6,68
Nyamata Textile,Huye,Series A,32,3614,22.6,73
Kigali AgriTech,Bugesera,Growth Equity,33,100,35,98
Kivu Green Energy,Musanze,Growth Equity,77,780,34.1,85
Huye Tech Hub,Rubavu,Growth Equity,60,100,12.4,91
Gicumbi Dairy,Rubavu,Series A,54,2919,12.3,90
Nyarugenge Hydro Power,Bugesera,Buyout,30,618,24.4,65
Musanze Food Processing,Rwamagana,Buyout,50,160,15.1,96
Bugesera Housing Corp,Huye,Seed,50,832,35,79
Kigali Health Partners,Kigali,Seed,37,2807,10.9,74
Akagera Express,Kigali,Seed,41,277,11.7,89
Rwamagana Solar Ltd,Rubavu,Seed,49,13329,10,68
Rubavu Eco-Lodge,Rubavu,Series A,41,304,10,69
Nyamata Textile,Kigali,Seed,40,1090,25.2,70
Kigali AgriTech,Kigali,Series A,38,748,17.9,72
Kivu Green Energy,Rwamagana,Series A,34,150,10.6,68
Huye Tech Hub,Bugesera,Growth Equity,49,2016,28.1,91
Gicumbi Dairy,Bugesera,Buyout,72,863,35,78
Nyarugenge Hydro Power,Musanze,Growth Equity,34,570,21.7,90
Musanze Food Processing,Rubavu,Buyout,31,100,14.4,91
Bugesera Housing Corp,Kigali,Series A,33,5839,35,73
Kigali Health Partners,Rwamagana,Seed,31,100,29.8,97
Akagera Express,Kigali,Seed,55,475,35,93
Rwamagana Solar Ltd,Rwamagana,Seed,25,257,10,78
Rubavu Eco-Lodge,Rwamagana,Growth Equity,34,1618,12.8,93
Nyamata Textile,Rubavu,Growth Equity,53,1443,12.9,77
Kigali AgriTech,Kigali,Seed,39,501,27.4,96
Kivu Green Energy,Kigali,Buyout,41,5410,35,79
Huye Tech Hub,Huye,Seed,32,2385,35,77
Gicumbi Dairy,Kigali,Growth Equity,29,22271,10,96
Nyarugenge Hydro Power,Huye,Growth Equity,56,956,10,88
Musanze Food Processing,Bugesera,Seed,19,1269,35,76
Bugesera Housing Corp,Bugesera,Series A,39,3897,10,95
Kigali Health Partners,Huye,Buyout,32,153,27.6,76
Akagera Express,Rwamagana,Series A,43,2619,25.7,98
Rwamagana Solar Ltd,Kigali,Growth Equity,32,895,13.1,78
Rubavu Eco-Lodge,Huye,Buyout,53,100,35,66
Nyamata Textile,Musanze,Series A,52,2187,26.7,88
Kigali AgriTech,Rwamagana,Seed,43,134,10,73
Kivu Green Energy,Bugesera,Series A,48,105,10,87
Huye Tech Hub,Musanze,Growth Equity,27,115,10,91
Gicumbi Dairy,Rubavu,Growth Equity,27,490,19,93
Nyarugenge Hydro Power,Rwamagana,Buyout,51,812,28.7,95
Musanze Food Processing,Rwamagana,Growth Equity,39,2700,10,80
Bugesera Housing Corp,Kigali,Buyout,33,341,16.9,78
Kigali Health Partners,Rubavu,Series A,50,1645,10,88
Akagera Express,Rwamagana,Series A,59,1126,35,83
Rwamagana Solar Ltd,Bugesera,Growth Equity,58,535,12.2,90
Rubavu Eco-Lodge,Huye,Series A,54,976,26.9,83
Nyamata Textile,Musanze,Series A,60,1901,16.7,94
Kigali AgriTech,Huye,Growth Equity,38,2378,24.4,71
Kivu Green Energy,Rwamagana,Seed,39,257,10,83
Huye Tech Hub,Kigali,Series A,40,1427,10,73
Gicumbi Dairy,Bugesera,Growth Equity,55,384,25.2,90
Nyarugenge Hydro Power,Kigali,Growth Equity,36,595,21.3,73
Musanze Food Processing,Rwamagana,Seed,31,1688,10,89
Bugesera Housing Corp,Kigali,Series A,38,100,12.1,94
Kigali Health Partners,Kigali,Growth Equity,52,528,15.3,88
Akagera Express,Rwamagana,Series A,45,642,10,92
Rwamagana Solar Ltd,Rubavu,Series A,32,166,24.4,68
Rubavu Eco-Lodge,Bugesera,Growth Equity,58,414,10,73
Nyamata Textile,Musanze,Growth Equity,35,124,16.9,92
Kigali AgriTech,Musanze,Buyout,36,713,10,90
Kivu Green Energy,Bugesera,Growth Equity,55,1567,27.7,74
Huye Tech Hub,Huye,Growth Equity,45,292,15.4,93
Gicumbi Dairy,Huye,Seed,49,421,13.5,83
Nyarugenge Hydro Power,Bugesera,Growth Equity,44,888,35,69
Musanze Food Processing,Musanze,Series A,37,148,13.3,84
Bugesera Housing Corp,Musanze,Buyout,35,362,10,93
Kigali Health Partners,Rwamagana,Series A,36,4538,35,85
Akagera Express,Bugesera,Series A,44,5145,10,68
Rwamagana Solar Ltd,Kigali,Growth Equity,32,3114,29.1,73
Rubavu Eco-Lodge,Rwamagana,Buyout,56,21764,21.4,68
Nyamata Textile,Rwamagana,Buyout,32,5978,15.9,88
Kigali AgriTech,Rwamagana,Growth Equity,35,2823,27.5,76
Kivu Green Energy,Musanze,Series A,44,676,12.8,69
Huye Tech Hub,Musanze,Growth Equity,59,100,20.7,89
Gicumbi Dairy,Bugesera,Growth Equity,31,2297,14.6,89
Nyarugenge Hydro Power,Huye,Buyout,60,204,10,76
Musanze Food Processing,Huye,Buyout,33,1379,23.9,75
Bugesera Housing Corp,Huye,Series A,45,395,10,95
Kigali Health Partners,Kigali,Buyout,45,2228,14.9,71
Akagera Express,Kigali,Series A,57,467,10.7,92
Rwamagana Solar Ltd,Rwamagana,Growth Equity,36,1577,10,65
Rubavu Eco-Lodge,Rubavu,Growth Equity,30,171,12.2,69
Nyamata Textile,Rwamagana,Series A,30,227,10,66
Kigali AgriTech,Rwamagana,Growth Equity,59,3021,25.1,75
Kivu Green Energy,Huye,Series A,58,16364,21.5,81
Huye Tech Hub,Rubavu,Growth Equity,49,1772,12.8,97
Gicumbi Dairy,Musanze,Series A,48,9307,35,78
Nyarugenge Hydro Power,Rwamagana,Buyout,28,456,10,84
Musanze Food Processing,Kigali,Seed,59,233,20.6,77
Bugesera Housing Corp,Musanze,Buyout,40,1317,15.5,91
Kigali Health Partners,Kigali,Buyout,32,302,35,76
Akagera Express,Bugesera,Series A,58,690,13.3,75
Rwamagana Solar Ltd,Kigali,Series A,28,542,35,74
Rubavu Eco-Lodge,Bugesera,Series A,27,908,35,69
Nyamata Textile,Rubavu,Seed,38,527,10,80
Kigali AgriTech,Huye,Seed,53,531,10,93
Kivu Green Energy,Kigali,Seed,60,4356,23.9,71
Huye Tech Hub,Huye,Seed,33,100,27.5,72
Gicumbi Dairy,Rwamagana,Buyout,52,338,10.1,86
Nyarugenge Hydro Power,Rubavu,Buyout,64,946,35,80
Musanze Food Processing,Kigali,Seed,40,103,35,95
Bugesera Housing Corp,Huye,Seed,52,793,27.1,95
Kigali Health Partners,Bugesera,Growth Equity,28,100,13.3,78
Akagera Express,Bugesera,Growth Equity,49,462,10,90
Rwamagana Solar Ltd,Rubavu,Series A,28,718,28.1,98
Rubavu Eco-Lodge,Rwamagana,Buyout,29,2993,25,67
Nyamata Textile,Musanze,Series A,87,330,14.4,74
Kigali AgriTech,Rubavu,Buyout,37,1387,35,90
Kivu Green Energy,Huye,Growth Equity,36,279,35,67
Huye Tech Hub,Rubavu,Seed,35,1080,35,66
Gicumbi Dairy,Rubavu,Growth Equity,33,179,24.9,96
Nyarugenge Hydro Power,Rubavu,Growth Equity,60,3143,23.5,80
Musanze Food Processing,Kigali,Series A,25,908,26.7,83
Bugesera Housing Corp,Rwamagana,Buyout,69,845,35,98
Kigali Health Partners,Huye,Seed,41,1409,10,98
Akagera Express,Huye,Growth Equity,48,390,25.7,90
Rwamagana Solar Ltd,Musanze,Series A,35,1892,35,71
Rubavu Eco-Lodge,Kigali,Seed,30,278,35,85
Nyamata Textile,Kigali,Buyout,59,100,10,81
Kigali AgriTech,Rubavu,Buyout,32,637,18.7,70
Kivu Green Energy,Rubavu,Growth Equity,28,516,35,74
Huye Tech Hub,Huye,Buyout,60,1572,10,75
Gicumbi Dairy,Huye,Growth Equity,36,4053,27.7,98
Nyarugenge Hydro Power,Rubavu,Buyout,32,212,11.8,75
Musanze Food Processing,Musanze,Seed,34,13304,19.7,72
Bugesera Housing Corp,Huye,Seed,58,100,10.1,81
Kigali Health Partners,Bugesera,Series A,53,2340,28.2,88
Akagera Express,Kigali,Buyout,31,22646,10,89
Rwamagana Solar Ltd,Kigali,Growth Equity,33,100,35,95
Rubavu Eco-Lodge,Bugesera,Series A,46,123,34.4,67
Nyamata Textile,Kigali,Series A,29,328,10,76
Kigali AgriTech,Bugesera,Seed,37,315,10,82
Kivu Green Energy,Rubavu,Growth Equity,58,123,10,87
Huye Tech Hub,Musanze,Seed,34,393,16.2,73
Gicumbi Dairy,Rubavu,Seed,34,100,33.9,78
Nyarugenge Hydro Power,Musanze,Series A,49,299,11.3,74
Musanze Food Processing,Rwamagana,Series A,53,559,35,82
Bugesera Housing Corp,Kigali,Series A,42,8231,10,85
Kigali Health Partners,Bugesera,Buyout,40,478,35,94
Akagera Express,Musanze,Buyout,30,495,35,75
Rwamagana Solar Ltd,Bugesera,Series A,31,10887,13.5,72
Rubavu Eco-Lodge,Kigali,Growth Equity,55,965,10,76
Nyamata Textile,Kigali,Growth Equity,36,440,10,75
Kigali AgriTech,Huye,Series A,31,1982,35,78
Kivu Green Energy,Huye,Buyout,26,365,35,89
Huye Tech Hub,Huye,Buyout,31,489,10,87
Gicumbi Dairy,Rwamagana,Series A,49,100,10,79
Nyarugenge Hydro Power,Bugesera,Buyout,54,484,10,69
Musanze Food Processing,Bugesera,Seed,47,194,10,83
Bugesera Housing Corp,Huye,Series A,61,1571,33.1,92
Kigali Health Partners,Huye,Series A,49,1037,10,86
Akagera Express,Kigali,Buyout,51,600,10,67
Rwamagana Solar Ltd,Musanze,Growth Equity,53,125,26.6,84
Rubavu Eco-Lodge,Rubavu,Series A,35,465,16.8,79
Nyamata Textile,Bugesera,Growth Equity,25,134,31.6,77
Kigali AgriTech,Rubavu,Series A,79,529,35,97
Kivu Green Energy,Rwamagana,Seed,53,6939,10,82
Huye Tech Hub,Kigali,Buyout,21,106,35,95
Gicumbi Dairy,Bugesera,Buyout,33,567,35,68
Nyarugenge Hydro Power,Rwamagana,Seed,40,1976,26.9,79
Musanze Food Processing,Rwamagana,Seed,34,1947,35,78
Bugesera Housing Corp,Kigali,Seed,52,347,26.8,93
Kigali Health Partners,Bugesera,Buyout,27,997,35,66
Akagera Express,Huye,Buyout,57,4764,10,79
Rwamagana Solar Ltd,Rubavu,Buyout,51,1391,10,79
Rubavu Eco-Lodge,Bugesera,Series A,31,164,20.8,93
Nyamata Textile,Huye,Buyout,49,571,10,83
Kigali AgriTech,Rwamagana,Buyout,32,1260,35,95
Kivu Green Energy,Rwamagana,Buyout,28,114,20.1,88
Huye Tech Hub,Rwamagana,Buyout,33,126,34.2,89
Gicumbi Dairy,Bugesera,Seed,50,552,18.1,66
Nyarugenge Hydro Power,Kigali,Growth Equity,42,482,29.4,80
Musanze Food Processing,Musanze,Seed,45,2133,12.3,87
Bugesera Housing Corp,Kigali,Buyout,34,100,17.2,85
Kigali Health Partners,Bugesera,Growth Equity,56,889,35,87
Akagera Express,Bugesera,Buyout,33,242,12.3,71
Rwamagana Solar Ltd,Musanze,Buyout,34,745,35,68
Rubavu Eco-Lodge,Rwamagana,Growth Equity,37,997,11.9,81
Nyamata Textile,Rwamagana,Growth Equity,37,203,15.3,76
Kigali AgriTech,Kigali,Growth Equity,35,947,10,97
Kivu Green Energy,Rwamagana,Series A,38,100,26,88
Huye Tech Hub,Musanze,Buyout,32,617,35,79
Gicumbi Dairy,Rubavu,Buyout,52,1408,35,91
Nyarugenge Hydro Power,Huye,Series A,49,166,10,81
Musanze Food Processing,Kigali,Series A,46,461,10,70
Bugesera Housing Corp,Rubavu,Seed,42,166,13.9,71
Kigali Health Partners,Kigali,Growth Equity,36,170,21.9,97
Akagera Express,Musanze,Series A,32,280,10,88
Rwamagana Solar Ltd,Musanze,Growth Equity,49,379,16.8,70
Rubavu Eco-Lodge,Kigali,Growth Equity,46,104,26.8,93
Nyamata Textile,Bugesera,Growth Equity,40,1516,21,80
Kigali AgriTech,Rwamagana,Buyout,36,565,16,93
Kivu Green Energy,Rwamagana,Growth Equity,36,1098,35,82
Huye Tech Hub,Kigali,Growth Equity,34,650,35,73
Gicumbi Dairy,Bugesera,Seed,46,1385,10,90
Nyarugenge Hydro Power,Rubavu,Series A,32,5008,35,79
Musanze Food Processing,Kigali,Growth Equity,32,436,13.9,76
Bugesera Housing Corp,Kigali,Buyout,32,231,26.7,98
Kigali Health Partners,Huye,Buyout,43,448,10,74
Akagera Express,Rwamagana,Buyout,25,553,13.4,85
Rwamagana Solar Ltd,Musanze,Seed,55,1202,12.6,77
Rubavu Eco-Lodge,Rwamagana,Series A,24,1026,19.1,87
Nyamata Textile,Bugesera,Seed,40,602,26.7,76
Kigali AgriTech,Musanze,Seed,38,8769,10,88
Kivu Green Energy,Bugesera,Buyout,48,416,35,87
Huye Tech Hub,Huye,Seed,36,9424,13.8,75
Gicumbi Dairy,Huye,Series A,57,100,18.8,86
Nyarugenge Hydro Power,Kigali,Buyout,45,172,26.2,89
Musanze Food Processing,Kigali,Seed,33,161,35,92
Bugesera Housing Corp,Rubavu,Seed,38,273,15,98
Kigali Health Partners,Bugesera,Seed,26,262,10,83
Akagera Express,Rwamagana,Buyout,30,147,10,71
Rwamagana Solar Ltd,Kigali,Growth Equity,55,2083,12.3,70
Rubavu Eco-Lodge,Musanze,Seed,34,426,15,76
Nyamata Textile,Huye,Buyout,60,2652,25.5,66
Kigali AgriTech,Bugesera,Seed,36,1383,10,78
Kivu Green Energy,Bugesera,Buyout,65,2279,11.2,77
Huye Tech Hub,Huye,Growth Equity,39,1147,35,73
Gicumbi Dairy,Rubavu,Buyout,52,136,10.9,75
Nyarugenge Hydro Power,Musanze,Buyout,55,408,35,77
Musanze Food Processing,Musanze,Series A,26,1277,11.6,68
Bugesera Housing Corp,Rubavu,Buyout,40,2177,35,89
Kigali Health Partners,Kigali,Buyout,52,100,10,94
Akagera Express,Bugesera,Growth Equity,29,101,16.7,74
Rwamagana Solar Ltd,Musanze,Series A,41,7835,22,66
Rubavu Eco-Lodge,Huye,Series A,30,2022,35,91
Nyamata Textile,Musanze,Buyout,28,253,35,86
Kigali AgriTech,Bugesera,Series A,26,2870,14.1,78
Kivu Green Energy,Kigali,Seed,58,239,18.8,98
Huye Tech Hub,Rubavu,Seed,29,121,10.7,74
Gicumbi Dairy,Bugesera,Growth Equity,48,278,32,72
Nyarugenge Hydro Power,Musanze,Buyout,35,544,24.4,74
Musanze Food Processing,Rubavu,Seed,26,309,31.9,98
Bugesera Housing Corp,Musanze,Series A,49,3196,14.7,69
Kigali Health Partners,Bugesera,Series A,34,5420,11.4,86
Akagera Express,Kigali,Seed,32,4985,35,93
Rwamagana Solar Ltd,Kigali,Growth Equity,31,100,10,74
Rubavu Eco-Lodge,Rubavu,Seed,48,5562,10,74
Nyamata Textile,Musanze,Growth Equity,40,6867,10,95
Kigali AgriTech,Kigali,Growth Equity,42,3074,18.7,94
Kivu Green Energy,Huye,Growth Equity,48,527,20.1,86
Huye Tech Hub,Huye,Growth Equity,38,8976,28,68
Gicumbi Dairy,Musanze,Buyout,53,246,15,82
Nyarugenge Hydro Power,Kigali,Buyout,59,419,12.9,79
Musanze Food Processing,Rubavu,Series A,28,404,35,94
Bugesera Housing Corp,Kigali,Series A,41,489,12.7,85
Kigali Health Partners,Bugesera,Buyout,50,866,17.4,81
Akagera Express,Kigali,Seed,31,100,10,70
Rwamagana Solar Ltd,Bugesera,Series A,30,3207,35,90
Rubavu Eco-Lodge,Rubavu,Series A,59,274,20.4,86
Nyamata Textile,Huye,Seed,33,405,10.9,86
Kigali AgriTech,Musanze,Growth Equity,35,770,35,95
Kivu Green Energy,Huye,Buyout,30,6264,15.2,89
Huye Tech Hub,Bugesera,Series A,71,2950,18.5,79
Gicumbi Dairy,Huye,Seed,30,179,31.7,92
Nyarugenge Hydro Power,Bugesera,Seed,24,210,10,70
Musanze Food Processing,Rwamagana,Buyout,34,5139,20.5,90
Bugesera Housing Corp,Huye,Buyout,34,460,10,97
Kigali Health Partners,Rwamagana,Seed,52,299,35,94
Akagera Express,Rubavu,Buyout,33,338,10,93
Rwamagana Solar Ltd,Bugesera,Growth Equity,38,5192,14.5,74
Rubavu Eco-Lodge,Bugesera,Growth Equity,41,1188,13.8,65
Nyamata Textile,Rwamagana,Buyout,42,321,35,75
Kigali AgriTech,Rwamagana,Buyout,38,989,35,85
Kivu Green Energy,Bugesera,Series A,48,850,10,88
Huye Tech Hub,Bugesera,Series A,34,100,21.4,75
Gicumbi Dairy,Musanze,Series A,46,1391,14.2,96
Nyarugenge Hydro Power,Musanze,Buyout,33,1944,24.1,94
Musanze Food Processing,Huye,Series A,40,189,14.8,79
Bugesera Housing Corp,Rubavu,Buyout,36,4380,22.7,87
Kigali Health Partners,Rwamagana,Growth Equity,32,100,12.6,68
Akagera Express,Huye,Seed,33,725,35,83
Rwamagana Solar Ltd,Musanze,Seed,55,674,24.3,95
Rubavu Eco-Lodge,Rwamagana,Seed,58,420,17.1,85
Nyamata Textile,Kigali,Series A,25,568,14.7,83
Kigali AgriTech,Rwamagana,Seed,47,540,10,70
Kivu Green Energy,Bugesera,Buyout,40,100,33.2,92
Huye Tech Hub,Huye,Series A,59,5806,35,85
Gicumbi Dairy,Huye,Buyout,40,7880,35,87
Nyarugenge Hydro Power,Kigali,Buyout,30,659,10,88
Musanze Food Processing,Rwamagana,Series A,25,16974,11.7,88
Bugesera Housing Corp,Rubavu,Growth Equity,58,2087,18.5,89
Kigali Health Partners,Musanze,Buyout,39,198,10,80
Akagera Express,Rubavu,Growth Equity,40,742,14.7,66
Rwamagana Solar Ltd,Musanze,Seed,38,626,35,92
Rubavu Eco-Lodge,Bugesera,Seed,66,6583,27.5,94
Nyamata Textile,Rubavu,Growth Equity,47,2406,23.9,92
Kigali AgriTech,Bugesera,Buyout,37,1054,35,81
Kivu Green Energy,Rubavu,Series A,36,779,17.2,76
Huye Tech Hub,Kigali,Growth Equity,50,101,19.5,90
Gicumbi Dairy,Huye,Series A,76,2690,10,69
Nyarugenge Hydro Power,Rwamagana,Buyout,58,431,10,76
Musanze Food Processing,Rwamagana,Growth Equity,42,4309,10,84
Bugesera Housing Corp,Bugesera,Series A,58,562,35,75
Kigali Health Partners,Bugesera,Buyout,28,100,35,98
Akagera Express,Musanze,Seed,41,100,14.1,86
Rwamagana Solar Ltd,Rubavu,Growth Equity,30,251,10,96
Rubavu Eco-Lodge,Bugesera,Buyout,32,983,35,89
Nyamata Textile,Kigali,Buyout,27,366,23.2,74
Kigali AgriTech,Rubavu,Growth Equity,48,100,10,94
Kivu Green Energy,Rubavu,Buyout,36,591,10.3,70
Huye Tech Hub,Musanze,Growth Equity,54,103,35,78
Gicumbi Dairy,Musanze,Buyout,36,298,35,92
Nyarugenge Hydro Power,Rwamagana,Growth Equity,52,14463,13.2,67
Musanze Food Processing,Kigali,Buyout,34,100,35,95
Bugesera Housing Corp,Rubavu,Series A,43,236,35,96
Kigali Health Partners,Huye,Seed,32,128,11.1,95
Akagera Express,Rubavu,Buyout,33,435,13,88
Rwamagana Solar Ltd,Huye,Buyout,51,274,30.8,84
Rubavu Eco-Lodge,Rubavu,Growth Equity,39,370,11.6,76
Nyamata Textile,Bugesera,Seed,44,1306,16,75
Kigali AgriTech,Kigali,Series A,49,298,20.5,82
Kivu Green Energy,Bugesera,Series A,25,1014,18.5,72
Huye Tech Hub,Huye,Seed,39,131,10,70
Gicumbi Dairy,Rubavu,Buyout,54,100,15.9,93
Nyarugenge Hydro Power,Huye,Seed,32,447,21.3,88
Musanze Food Processing,Kigali,Seed,36,960,29.4,82
Bugesera Housing Corp,Musanze,Buyout,54,189,14,79
Kigali Health Partners,Huye,Seed,31,100,10,92
Akagera Express,Musanze,Series A,45,100,10,78
Rwamagana Solar Ltd,Huye,Buyout,31,168,35,93
Rubavu Eco-Lodge,Kigali,Seed,45,249,28.7,77
Nyamata Textile,Kigali,Series A,33,2511,13,94
Kigali AgriTech,Kigali,Buyout,46,325,20.1,78
Kivu Green Energy,Rwamagana,Buyout,43,2831,10,84
Huye Tech Hub,Rwamagana,Series A,50,212,10,80
Gicumbi Dairy,Musanze,Buyout,44,100,10,87
Nyarugenge Hydro Power,Rubavu,Buyout,42,3720,10,71
Musanze Food Processing,Rwamagana,Buyout,26,279,10.3,89
Bugesera Housing Corp,Rwamagana,Buyout,47,1644,10.4,96
Kigali Health Partners,Rwamagana,Buyout,48,299,10,81
Akagera Express,Musanze,Seed,60,331,10,86
Rwamagana Solar Ltd,Kigali,Buyout,27,176,23.6,74
Rubavu Eco-Lodge,Rwamagana,Seed,30,402,35,76
Nyamata Textile,Kigali,Seed,28,289,10,98
Kigali AgriTech,Rwamagana,Seed,58,665,35,84
Kivu Green Energy,Bugesera,Buyout,37,410,10,96
Huye Tech Hub,Kigali,Buyout,36,1846,10,81
Gicumbi Dairy,Bugesera,Growth Equity,39,106,12.2,85
Nyarugenge Hydro Power,Rubavu,Series A,52,210,14.1,79
Musanze Food Processing,Bugesera,Buyout,55,2849,10,70
Bugesera Housing Corp,Bugesera,Seed,30,6595,10,78
Kigali Health Partners,Kigali,Series A,36,135,35,76
Akagera Express,Musanze,Buyout,39,750,12.3,98
Rwamagana Solar Ltd,Bugesera,Seed,47,392,21,79
Rubavu Eco-Lodge,Bugesera,Growth Equity,42,5874,10,97
Nyamata Textile,Kigali,Buyout,42,2516,13.8,88
Kigali AgriTech,Rubavu,Growth Equity,58,135,33.6,68
Kivu Green Energy,Rwamagana,Series A,68,19417,24.9,71
Huye Tech Hub,Bugesera,Growth Equity,43,150,10,75
Gicumbi Dairy,Kigali,Series A,44,774,25.7,83
Nyarugenge Hydro Power,Rwamagana,Seed,49,3826,35,75
Musanze Food Processing,Rwamagana,Growth Equity,57,1280,19.1,97
Bugesera Housing Corp,Rubavu,Series A,61,6710,35,98
Kigali Health Partners,Rubavu,Series A,36,419,12,70
Akagera Express,Rubavu,Series A,31,1645,20.7,90
Rwamagana Solar Ltd,Rubavu,Buyout,51,1415,30.3,73
Rubavu Eco-Lodge,Bugesera,Growth Equity,31,524,10,80
Nyamata Textile,Kigali,Series A,56,251,12.8,82
Kigali AgriTech,Musanze,Growth Equity,30,1070,19.4,65
Kivu Green Energy,Kigali,Growth Equity,38,862,35,98
Huye Tech Hub,Musanze,Series A,35,281,10,84
Gicumbi Dairy,Musanze,Buyout,31,220,23.1,89
Nyarugenge Hydro Power,Bugesera,Buyout,39,1122,10,98
Musanze Food Processing,Kigali,Growth Equity,50,178,21.8,70
Bugesera Housing Corp,Rwamagana,Series A,39,309,10,71
Kigali Health Partners,Bugesera,Series A,26,2569,13.6,94
Akagera Express,Musanze,Growth Equity,55,100,33.6,69
Rwamagana Solar Ltd,Huye,Buyout,43,428,19.2,73
Rubavu Eco-Lodge,Musanze,Growth Equity,34,100,14.1,96
Nyamata Textile,Rwamagana,Seed,51,407,10,87
Kigali AgriTech,Bugesera,Series A,31,1484,20.3,96
Kivu Green Energy,Huye,Growth Equity,32,100,10.4,97
Huye Tech Hub,Rubavu,Growth Equity,53,819,23,85
Gicumbi Dairy,Rwamagana,Growth Equity,44,100,10,80
Nyarugenge Hydro Power,Huye,Growth Equity,38,6804,20.5,91
Musanze Food Processing,Huye,Growth Equity,47,4643,16.2,72
Bugesera Housing Corp,Bugesera,Seed,36,100,14.5,80
Kigali Health Partners,Rwamagana,Growth Equity,30,249,22,76
Akagera Express,Bugesera,Series A,46,1500,30.9,67
Rwamagana Solar Ltd,Musanze,Series A,33,218,35,97
Rubavu Eco-Lodge,Rubavu,Series A,43,2260,26.1,71
Nyamata Textile,Rwamagana,Seed,38,3552,13.2,89
Kigali AgriTech,Rubavu,Buyout,27,942,27.3,65
Kivu Green Energy,Huye,Buyout,38,3676,34.9,94
Huye Tech Hub,Bugesera,Series A,41,1766,29.1,67
Gicumbi Dairy,Kigali,Growth Equity,29,100,10,69
Nyarugenge Hydro Power,Rubavu,Seed,39,100,35,78
Musanze Food Processing,Musanze,Seed,42,1728,11.9,83
Bugesera Housing Corp,Huye,Buyout,47,151,31.2,66
Kigali Health Partners,Rubavu,Growth Equity,30,547,10.3,93
Akagera Express,Musanze,Series A,34,496,10.1,94
Rwamagana Solar Ltd,Musanze,Growth Equity,45,5094,10,68
Rubavu Eco-Lodge,Rwamagana,Growth Equity,43,3315,22.8,80
Nyamata Textile,Rwamagana,Seed,59,2914,10,91
Kigali AgriTech,Rwamagana,Buyout,50,100,15.2,65
Kivu Green Energy,Rubavu,Series A,39,393,16,84
Huye Tech Hub,Rubavu,Seed,36,574,10,77
Gicumbi Dairy,Rwamagana,Growth Equity,44,16278,29.7,93
Nyarugenge Hydro Power,Huye,Growth Equity,36,100,14.7,90
Musanze Food Processing,Kigali,Series A,27,188,14.3,79
Bugesera Housing Corp,Bugesera,Growth Equity,29,408,10,78
Kigali Health Partners,Kigali,Seed,70,1264,33.8,82
Akagera Express,Rubavu,Growth Equity,44,13993,10,70
Rwamagana Solar Ltd,Rubavu,Buyout,55,100,15.9,93
Rubavu Eco-Lodge,Musanze,Seed,36,535,10,90
Nyamata Textile,Kigali,Seed,28,489,10,72
Kigali AgriTech,Bugesera,Buyout,50,456,19.8,73
Kivu Green Energy,Kigali,Growth Equity,49,2818,11.4,88
Huye Tech Hub,Rwamagana,Series A,71,361,35,96
Gicumbi Dairy,Huye,Series A,31,857,34.3,82
Nyarugenge Hydro Power,Rubavu,Seed,45,116,10,91
Musanze Food Processing,Huye,Buyout,42,522,10,98
Bugesera Housing Corp,Rubavu,Series A,45,348,21.2,69
Kigali Health Partners,Huye,Seed,47,245,15.7,67
Akagera Express,Rwamagana,Buyout,60,698,10,65
Rwamagana Solar Ltd,Rwamagana,Growth Equity,35,1049,24.5,89
Rubavu Eco-Lodge,Rubavu,Buyout,31,714,10,95
Nyamata Textile,Bugesera,Series A,33,1309,35,93
Kigali AgriTech,Bugesera,Buyout,50,302,10.7,80
Kivu Green Energy,Musanze,Buyout,51,1940,31.2,93
Huye Tech Hub,Musanze,Growth Equity,34,214,15.3,66
Gicumbi Dairy,Rubavu,Series A,56,329,10,86
Nyarugenge Hydro Power,Rubavu,Buyout,29,282,10,83
Musanze Food Processing,Rubavu,Seed,31,501,10,66
Bugesera Housing Corp,Rwamagana,Buyout,44,859,35,95
Kigali Health Partners,Kigali,Buyout,55,4294,20.8,82
Akagera Express,Musanze,Growth Equity,35,100,12.2,77
Rwamagana Solar Ltd,Rwamagana,Buyout,36,729,10.9,76
Rubavu Eco-Lodge,Rubavu,Seed,54,253,10,68
Nyamata Textile,Rwamagana,Buyout,32,653,10,80
Kigali AgriTech,Kigali,Buyout,36,1157,35,95
Kivu Green Energy,Bugesera,Growth Equity,60,178,11.3,90
Huye Tech Hub,Rubavu,Growth Equity,32,128,35,90
Gicumbi Dairy,Rubavu,Series A,57,1029,35,95
Nyarugenge Hydro Power,Huye,Seed,34,528,10,74
Musanze Food Processing,Bugesera,Seed,27,368,35,68
Bugesera Housing Corp,Rubavu,Seed,52,183,35,86
Kigali Health Partners,Kigali,Buyout,45,1098,10,77
Akagera Express,Huye,Buyout,58,2323,35,91
Rwamagana Solar Ltd,Rubavu,Buyout,39,106,28.6,70
Rubavu Eco-Lodge,Musanze,Seed,48,412,35,74
Nyamata Textile,Rwamagana,Seed,36,100,33.3,70
Kigali AgriTech,Rwamagana,Series A,31,791,19.8,90
Kivu Green Energy,Rubavu,Buyout,41,871,10.6,98
Huye Tech Hub,Huye,Seed,30,292,35,88
Gicumbi Dairy,Bugesera,Series A,57,100,11.6,83
Nyarugenge Hydro Power,Kigali,Growth Equity,29,1170,10,95
Musanze Food Processing,Huye,Series A,29,184,35,98
Bugesera Housing Corp,Musanze,Series A,30,102,10.2,82
Kigali Health Partners,Rubavu,Series A,44,1342,35,79
Akagera Express,Bugesera,Series A,33,6069,15.6,65
Rwamagana Solar Ltd,Kigali,Buyout,56,3437,10,90
Rubavu Eco-Lodge,Bugesera,Seed,26,1447,28,82
Nyamata Textile,Rubavu,Buyout,52,164,10,74
Kigali AgriTech,Rwamagana,Buyout,32,349,25.8,84
Kivu Green Energy,Musanze,Growth Equity,36,100,10,75
Huye Tech Hub,Kigali,Buyout,26,228,35,66
Gicumbi Dairy,Musanze,Series A,37,296,10,84
Nyarugenge Hydro Power,Rwamagana,Series A,34,451,35,81
Musanze Food Processing,Rubavu,Buyout,26,5633,35,81
Bugesera Housing Corp,Musanze,Series A,32,138,35,66
Kigali Health Partners,Rwamagana,Series A,30,135,18.5,89
Akagera Express,Musanze,Growth Equity,27,335,10,97
Rwamagana Solar Ltd,Rubavu,Buyout,42,130,10,89
Rubavu Eco-Lodge,Rwamagana,Series A,33,192,12.7,65
Nyamata Textile,Huye,Growth Equity,37,167,10,83
Kigali AgriTech,Huye,Growth Equity,45,4122,24.4,84
Kivu Green Energy,Rwamagana,Buyout,36,3157,35,86
Huye Tech Hub,Rwamagana,Growth Equity,39,100,35,68
Gicumbi Dairy,Musanze,Seed,33,449,18.2,98
Nyarugenge Hydro Power,Rubavu,Series A,47,2422,35,98
Musanze Food Processing,Rwamagana,Series A,49,267,19.8,89
Bugesera Housing Corp,Bugesera,Series A,46,658,12.6,93
Kigali Health Partners,Kigali,Seed,31,330,35,75
Akagera Express,Bugesera,Series A,43,4194,10,79
Rwamagana Solar Ltd,Huye,Seed,30,339,35,89
Rubavu Eco-Lodge,Rubavu,Buyout,43,597,10,74
Nyamata Textile,Rwamagana,Series A,42,279,10,80
Kigali AgriTech,Huye,Series A,30,405,35,83
Kivu Green Energy,Kigali,Seed,33,167,35,80
Huye Tech Hub,Rubavu,Buyout,41,4639,29.8,77
Gicumbi Dairy,Musanze,Series A,29,870,34.1,79
Nyarugenge Hydro Power,Kigali,Buyout,38,773,35,70
Musanze Food Processing,Kigali,Growth Equity,29,958,23.4,78
Bugesera Housing Corp,Huye,Buyout,80,100,35,92
Kigali Health Partners,Huye,Series A,38,5344,31,97
Akagera Express,Musanze,Seed,36,217,12.3,70
Rwamagana Solar Ltd,Bugesera,Buyout,38,946,25.3,74
Rubavu Eco-Lodge,Rubavu,Buyout,44,100,10,90
Nyamata Textile,Huye,Buyout,31,1431,29.7,88
Kigali AgriTech,Rubavu,Seed,31,131,35,92
Kivu Green Energy,Huye,Buyout,57,279,10,93
Huye Tech Hub,Rwamagana,Seed,37,643,28.1,69
Gicumbi Dairy,Rwamagana,Series A,50,353,35,75
Nyarugenge Hydro Power,Huye,Seed,60,71288,20.5,74
Musanze Food Processing,Bugesera,Growth Equity,51,5208,27.2,95
Bugesera Housing Corp,Kigali,Growth Equity,48,1838,34.9,94
Kigali Health Partners,Rubavu,Buyout,42,197,21.6,98
Akagera Express,Rubavu,Growth Equity,36,299,18.3,94
Rwamagana Solar Ltd,Huye,Growth Equity,43,589,13,95
Rubavu Eco-Lodge,Rwamagana,Growth Equity,31,455,10,78
Nyamata Textile,Rwamagana,Buyout,49,197,10,77
Kigali AgriTech,Rubavu,Growth Equity,35,573,10,75
Kivu Green Energy,Musanze,Seed,44,6749,35,92
Huye Tech Hub,Rubavu,Buyout,34,363,20.3,76
Gicumbi Dairy,Rubavu,Series A,46,881,15.2,80
Nyarugenge Hydro Power,Rubavu,Buyout,49,1132,10,98
Musanze Food Processing,Musanze,Growth Equity,32,219,10,78
Bugesera Housing Corp,Kigali,Series A,35,534,27.7,77
Kigali Health Partners,Huye,Seed,51,3067,10,75
Akagera Express,Rwamagana,Seed,57,431,35,87
Rwamagana Solar Ltd,Rwamagana,Seed,59,1685,10,94
Rubavu Eco-Lodge,Rwamagana,Seed,40,4484,31.5,87
Nyamata Textile,Rubavu,Seed,49,688,10,67
Kigali AgriTech,Bugesera,Series A,51,3280,35,73
Kivu Green Energy,Bugesera,Growth Equity,35,100,10.5,98
Huye Tech Hub,Rwamagana,Seed,29,176,30.5,86
Gicumbi Dairy,Musanze,Seed,32,252,15.8,87
Nyarugenge Hydro Power,Rubavu,Buyout,37,1140,19.9,88
Musanze Food Processing,Kigali,Seed,49,484,10,90
Bugesera Housing Corp,Huye,Series A,45,573,14.7,81
Kigali Health Partners,Rubavu,Buyout,34,575,35,67
Akagera Express,Rubavu,Growth Equity,53,100,10,82
Rwamagana Solar Ltd,Kigali,Seed,42,249,10,76
Rubavu Eco-Lodge,Kigali,Seed,43,3385,35,75
Nyamata Textile,Rubavu,Growth Equity,52,524,14.3,66
Kigali AgriTech,Huye,Seed,34,179,10.4,69
Kivu Green Energy,Rwamagana,Growth Equity,34,774,35,93
Huye Tech Hub,Huye,Seed,27,100,35,81
Gicumbi Dairy,Rubavu,Seed,43,158,10,97
Nyarugenge Hydro Power,Rwamagana,Buyout,41,632,10,83
Musanze Food Processing,Kigali,Seed,72,4230,35,95
Bugesera Housing Corp,Bugesera,Buyout,35,522,10,78
Kigali Health Partners,Rubavu,Series A,41,537,10,75
Akagera Express,Kigali,Seed,36,408,35,82
Rwamagana Solar Ltd,Kigali,Series A,51,130,33.3,82
Rubavu Eco-Lodge,Huye,Seed,37,237,24.4,92
Nyamata Textile,Rwamagana,Growth Equity,42,347,35,84
Kigali AgriTech,Musanze,Buyout,26,421,24.2,77
Kivu Green Energy,Kigali,Series A,23,350,22.2,75
Huye Tech Hub,Bugesera,Growth Equity,50,570,13,81
Gicumbi Dairy,Musanze,Growth Equity,37,240,35,66
Nyarugenge Hydro Power,Musanze,Buyout,35,2893,25.8,69
Musanze Food Processing,Rwamagana,Series A,37,510,33.7,86
Bugesera Housing Corp,Huye,Seed,79,2728,22,89
Kigali Health Partners,Bugesera,Buyout,39,216,10,65
Akagera Express,Rubavu,Seed,47,100,25,82
Rwamagana Solar Ltd,Musanze,Series A,44,978,13,93
Rubavu Eco-Lodge,Musanze,Series A,36,3044,35,92
Nyamata Textile,Musanze,Series A,33,4075,35,77
Kigali AgriTech,Rubavu,Growth Equity,42,196,23.8,86
Kivu Green Energy,Rwamagana,Series A,35,2388,10,73
Huye Tech Hub,Kigali,Seed,31,572,35,66
Gicumbi Dairy,Musanze,Growth Equity,58,165,16.2,82
Nyarugenge Hydro Power,Musanze,Buyout,46,100,10,87
Musanze Food Processing,Bugesera,Series A,41,500,10,91
Bugesera Housing Corp,Huye,Growth Equity,58,7595,32.5,72
Kigali Health Partners,Huye,Series A,33,237,30.5,89
Akagera Express,Huye,Buyout,31,124,35,87
Rwamagana Solar Ltd,Rwamagana,Seed,55,3550,16.9,96
Rubavu Eco-Lodge,Bugesera,Series A,38,411,10,69
Nyamata Textile,Huye,Seed,55,239,25.6,71
Kigali AgriTech,Rwamagana,Seed,47,100,10,95
Kivu Green Energy,Musanze,Buyout,51,592,14.2,91
Huye Tech Hub,Bugesera,Growth Equity,46,434,10,73
Gicumbi Dairy,Musanze,Seed,61,1097,10.6,98
Nyarugenge Hydro Power,Bugesera,Series A,47,540,10,78
Musanze Food Processing,Rubavu,Series A,34,147,13.2,98
Bugesera Housing Corp,Rwamagana,Seed,34,1398,12,89
Kigali Health Partners,Rubavu,Series A,41,3455,18.1,78
Akagera Express,Kigali,Growth Equity,36,111,15.2,86
Rwamagana Solar Ltd,Rwamagana,Seed,26,496,30.2,70
Rubavu Eco-Lodge,Rwamagana,Seed,35,108,10,80
Nyamata Textile,Musanze,Seed,36,1509,23.5,79
Kigali AgriTech,Bugesera,Seed,26,270,12.9,87
Kivu Green Energy,Bugesera,Seed,58,2869,10,97
Huye Tech Hub,Bugesera,Series A,50,2420,31,76
Gicumbi Dairy,Bugesera,Buyout,61,176,19.5,71
Nyarugenge Hydro Power,Musanze,Buyout,28,2134,19.6,67
Musanze Food Processing,Bugesera,Growth Equity,49,3118,10,73
Bugesera Housing Corp,Musanze,Growth Equity,74,1021,35,91
Kigali Health Partners,Rwamagana,Series A,53,583,28.8,83
Akagera Express,Rubavu,Growth Equity,46,490,20.8,87
Rwamagana Solar Ltd,Rubavu,Buyout,47,100,35,83
Rubavu Eco-Lodge,Rwamagana,Growth Equity,42,192,10,68
Nyamata Textile,Bugesera,Series A,56,22296,18.9,69
Kigali AgriTech,Huye,Growth Equity,42,102,24.9,90
Kivu Green Energy,Rubavu,Series A,49,349,35,68
Huye Tech Hub,Rwamagana,Buyout,43,3374,35,84
Gicumbi Dairy,Rubavu,Growth Equity,39,5831,17.5,90
Nyarugenge Hydro Power,Musanze,Series A,66,306,35,94
Musanze Food Processing,Rubavu,Series A,30,2425,27,82
Bugesera Housing Corp,Kigali,Buyout,38,100,16.4,92
Kigali Health Partners,Rubavu,Seed,31,1764,15.8,81
Akagera Express,Musanze,Series A,32,3433,10,83
Rwamagana Solar Ltd,Kigali,Seed,48,7120,10,79
Rubavu Eco-Lodge,Bugesera,Series A,34,137,10,80
Nyamata Textile,Kigali,Buyout,28,128,22,80
Kigali AgriTech,Huye,Seed,40,1770,16.1,98
Kivu Green Energy,Kigali,Series A,36,234,10,83
Huye Tech Hub,Rubavu,Series A,52,703,10,70
Gicumbi Dairy,Huye,Seed,46,376,15.7,68
Nyarugenge Hydro Power,Kigali,Growth Equity,25,2257,33.9,87
Musanze Food Processing,Rubavu,Seed,52,261,27.4,94
Bugesera Housing Corp,Rubavu,Buyout,40,3758,35,89
Kigali Health Partners,Kigali,Buyout,26,502,12.7,66
Akagera Express,Kigali,Growth Equity,26,3442,32.9,65
Rwamagana Solar Ltd,Rwamagana,Growth Equity,35,1832,35,71
Rubavu Eco-Lodge,Huye,Buyout,40,363,23.1,65
Nyamata Textile,Huye,Buyout,31,723,10,97
Kigali AgriTech,Rubavu,Seed,32,3640,21.3,70
Kivu Green Energy,Musanze,Growth Equity,33,195,33.5,98
Huye Tech Hub,Huye,Growth Equity,53,865,35,76
Gicumbi Dairy,Huye,Seed,46,924,35,78
Nyarugenge Hydro Power,Rubavu,Series A,28,5649,35,98
Musanze Food Processing,Rubavu,Growth Equity,31,291,10,69
Bugesera Housing Corp,Musanze,Buyout,44,520,11,79
Kigali Health Partners,Rubavu,Buyout,35,100,32.6,65
Akagera Express,Bugesera,Series A,50,2806,17.9,68
Rwamagana Solar Ltd,Rubavu,Buyout,32,104,13.2,89
Rubavu Eco-Lodge,Rubavu,Seed,51,523,10,74
Nyamata Textile,Rwamagana,Buyout,51,992,24.8,78
Kigali AgriTech,Kigali,Seed,31,220,10,91
Kivu Green Energy,Bugesera,Growth Equity,41,465,22.6,85
Huye Tech Hub,Bugesera,Seed,57,27169,17.4,93
Gicumbi Dairy,Rwamagana,Seed,34,8138,10,75
Nyarugenge Hydro Power,Huye,Series A,47,1038,17.6,66
Musanze Food Processing,Kigali,Growth Equity,47,1239,10.6,95
Bugesera Housing Corp,Kigali,Buyout,36,289,13.6,91
Kigali Health Partners,Huye,Growth Equity,29,119,11,85
Akagera Express,Rwamagana,Seed,39,3763,23,78
Rwamagana Solar Ltd,Bugesera,Seed,53,100,14,82
Rubavu Eco-Lodge,Bugesera,Seed,47,714,11.8,79
Nyamata Textile,Musanze,Seed,51,2423,15.1,87
Kigali AgriTech,Bugesera,Series A,48,525,35,68
Kivu Green Energy,Huye,Growth Equity,32,5222,10,95
Huye Tech Hub,Musanze,Growth Equity,36,708,12.5,88
Gicumbi Dairy,Bugesera,Seed,50,441,35,73
Nyarugenge Hydro Power,Rubavu,Series A,39,707,35,67
Musanze Food Processing,Kigali,Seed,31,1595,15.9,65
Bugesera Housing Corp,Huye,Seed,49,481,35,87
Kigali Health Partners,Musanze,Series A,33,485,10,95
Akagera Express,Rubavu,Series A,26,1374,19,73
Rwamagana Solar Ltd,Kigali,Buyout,27,462,33.2,73
Rubavu Eco-Lodge,Kigali,Series A,51,477,14.3,70
Nyamata Textile,Rwamagana,Series A,26,902,10,73
Kigali AgriTech,Musanze,Series A,45,294,35,93
Kivu Green Energy,Huye,Series A,54,415,35,84
Huye Tech Hub,Huye,Seed,49,1943,26.9,66
Gicumbi Dairy,Musanze,Buyout,47,109,35,91
Nyarugenge Hydro Power,Rwamagana,Seed,42,183,18.4,87
Musanze Food Processing,Rubavu,Buyout,50,533,10,86
Bugesera Housing Corp,Bugesera,Series A,37,207,15.8,79
Kigali Health Partners,Rubavu,Series A,54,4603,16.8,75
Akagera Express,Musanze,Growth Equity,40,151,10,97
Rwamagana Solar Ltd,Rubavu,Growth Equity,50,1061,35,75
Rubavu Eco-Lodge,Huye,Series A,57,149,10,90
Nyamata Textile,Kigali,Seed,33,3570,28.5,76
Kigali AgriTech,Musanze,Buyout,49,247,35,78
Kivu Green Energy,Rwamagana,Series A,35,100,14.6,85
Huye Tech Hub,Musanze,Seed,28,100,35,74
Gicumbi Dairy,Musanze,Buyout,58,272,14.5,71
Nyarugenge Hydro Power,Kigali,Series A,31,507,23,65
Musanze Food Processing,Rwamagana,Series A,36,749,23.7,75
Bugesera Housing Corp,Musanze,Buyout,49,1140,35,90
Kigali Health Partners,Kigali,Series A,30,242,35,68
Akagera Express,Rwamagana,Seed,29,309,35,92
Rwamagana Solar Ltd,Kigali,Seed,50,3404,35,71
Rubavu Eco-Lodge,Rwamagana,Buyout,26,394,10,72
Nyamata Textile,Musanze,Buyout,27,4948,10,67
Kigali AgriTech,Rubavu,Growth Equity,32,1770,18.3,73
Kivu Green Energy,Rwamagana,Growth Equity,62,467,13.9,81
Huye Tech Hub,Musanze,Series A,34,13783,11.5,71
Gicumbi Dairy,Musanze,Series A,25,1520,12.4,76
Nyarugenge Hydro Power,Kigali,Buyout,34,440,35,80
Musanze Food Processing,Huye,Series A,44,1779,35,73
Bugesera Housing Corp,Kigali,Buyout,38,1298,10,78
Kigali Health Partners,Rwamagana,Series A,57,269,18,72
Akagera Express,Huye,Buyout,36,606,10,91
Rwamagana Solar Ltd,Rwamagana,Seed,41,1349,35,68
Rubavu Eco-Lodge,Rwamagana,Series A,36,778,10,95
Nyamata Textile,Bugesera,Buyout,27,312,35,83
Kigali AgriTech,Huye,Buyout,37,123,28.9,76
Kivu Green Energy,Kigali,Growth Equity,47,4502,35,75
Huye Tech Hub,Rwamagana,Series A,31,559,35,74
Gicumbi Dairy,Kigali,Series A,39,4822,35,88
Nyarugenge Hydro Power,Rubavu,Seed,35,1655,10,82
Musanze Food Processing,Kigali,Series A,40,161,11.2,95
Bugesera Housing Corp,Kigali,Buyout,38,100,21.3,91
Kigali Health Partners,Rubavu,Series A,31,3806,12.9,79
Akagera Express,Rubavu,Seed,36,1277,33,95
Rwamagana Solar Ltd,Bugesera,Seed,53,2196,10.4,69
Rubavu Eco-Lodge,Rwamagana,Growth Equity,59,848,18.4,88
Nyamata Textile,Bugesera,Seed,29,3457,12,78
Kigali AgriTech,Musanze,Buyout,30,3909,15.9,70
Kivu Green Energy,Huye,Buyout,52,495,35,72
Huye Tech Hub,Musanze,Series A,55,1111,11.2,85
Gicumbi Dairy,Bugesera,Seed,56,520,10,93
Nyarugenge Hydro Power,Kigali,Growth Equity,32,176,18.9,70
Musanze Food Processing,Rwamagana,Buyout,24,100,10,76
Bugesera Housing Corp,Kigali,Buyout,51,944,18.4,95
Kigali Health Partners,Huye,Buyout,36,1418,10,75
Akagera Express,Kigali,Seed,36,267,10,77
Rwamagana Solar Ltd,Musanze,Growth Equity,42,2287,35,89
Rubavu Eco-Lodge,Huye,Buyout,49,14540,10,72
Nyamata Textile,Bugesera,Buyout,48,2394,25.1,68
Kigali AgriTech,Kigali,Buyout,36,180,25.1,95
Kivu Green Energy,Kigali,Series A,48,2637,21.9,81
Huye Tech Hub,Bugesera,Buyout,30,669,35,70
Gicumbi Dairy,Huye,Buyout,27,100,10,65
Nyarugenge Hydro Power,Kigali,Buyout,38,100,18.5,76
Musanze Food Processing,Musanze,Growth Equity,36,112,35,86
Bugesera Housing Corp,Kigali,Growth Equity,45,149,10,83
Kigali Health Partners,Rwamagana,Series A,44,560,35,81
Akagera Express,Rubavu,Buyout,42,713,35,80
Rwamagana Solar Ltd,Huye,Seed,37,8044,10.2,81
Rubavu Eco-Lodge,Huye,Series A,48,1243,26.4,67
Nyamata Textile,Huye,Buyout,57,564,10,75
Kigali AgriTech,Kigali,Series A,44,2089,10.6,96
Kivu Green Energy,Musanze,Growth Equity,48,117,10,68
Huye Tech Hub,Rwamagana,Growth Equity,56,101,10,72
Gicumbi Dairy,Musanze,Growth Equity,37,1798,10,89
Nyarugenge Hydro Power,Musanze,Buyout,47,5406,32.2,75
Musanze Food Processing,Bugesera,Growth Equity,54,100,10,83
Bugesera Housing Corp,Kigali,Growth Equity,51,1779,35,69
Kigali Health Partners,Bugesera,Seed,47,3776,35,71
Akagera Express,Rubavu,Seed,25,342,35,75
Rwamagana Solar Ltd,Kigali,Buyout,39,571,10,95
Rubavu Eco-Lodge,Musanze,Buyout,40,9002,35,66
Nyamata Textile,Rwamagana,Growth Equity,38,1804,22.2,70
Kigali AgriTech,Rubavu,Buyout,34,3150,35,81
Kivu Green Energy,Musanze,Growth Equity,53,2681,10,92
Huye Tech Hub,Rwamagana,Growth Equity,32,262,29.7,88
Gicumbi Dairy,Kigali,Buyout,35,343,10,82
Nyarugenge Hydro Power,Musanze,Series A,24,1947,35,97
Musanze Food Processing,Huye,Growth Equity,58,100,35,80
Bugesera Housing Corp,Huye,Growth Equity,49,3471,26.9,80
Kigali Health Partners,Rwamagana,Growth Equity,45,1857,35,98
Akagera Express,Musanze,Buyout,55,271,10,75
Rwamagana Solar Ltd,Musanze,Growth Equity,42,257,35,72
Rubavu Eco-Lodge,Rubavu,Series A,28,1034,10,82
Nyamata Textile,Kigali,Buyout,48,119,27,72
Kigali AgriTech,Kigali,Growth Equity,51,155,11.9,81
Kivu Green Energy,Rubavu,Growth Equity,38,121,35,91
Huye Tech Hub,Musanze,Series A,27,114,10,89
Gicumbi Dairy,Bugesera,Seed,50,346,27,81
Nyarugenge Hydro Power,Rubavu,Seed,44,987,16.5,84
Musanze Food Processing,Kigali,Buyout,40,151,16.4,92
Bugesera Housing Corp,Bugesera,Seed,29,387,19.6,65
Kigali Health Partners,Bugesera,Series A,34,100,10,68
Akagera Express,Huye,Growth Equity,44,2834,35,90
Rwamagana Solar Ltd,Kigali,Seed,50,152,10,66
Rubavu Eco-Lodge,Huye,Growth Equity,34,2694,16.1,92
Nyamata Textile,Rwamagana,Seed,54,122,10,78
Kigali AgriTech,Rubavu,Buyout,34,1711,35,85
Kivu Green Energy,Kigali,Growth Equity,34,118,35,92
Huye Tech Hub,Kigali,Seed,52,1431,21.3,67
Gicumbi Dairy,Rubavu,Seed,60,7437,12.2,69
Nyarugenge Hydro Power,Rubavu,Seed,39,935,35,76
Musanze Food Processing,Rubavu,Series A,58,5192,19.9,74
Bugesera Housing Corp,Bugesera,Seed,41,152,26.1,70
Kigali Health Partners,Musanze,Series A,48,10755,10,75
Akagera Express,Kigali,Growth Equity,58,1931,35,98
Rwamagana Solar Ltd,Kigali,Seed,40,192,10,90
Rubavu Eco-Lodge,Huye,Growth Equity,48,686,17.9,80
Nyamata Textile,Rwamagana,Buyout,52,1858,10,65
Kigali AgriTech,Rwamagana,Growth Equity,50,2161,19.7,65
Kivu Green Energy,Rubavu,Series A,25,1059,14.4,82
Huye Tech Hub,Kigali,Series A,54,308,25.5,92
Gicumbi Dairy,Huye,Seed,34,415,10,80
Nyarugenge Hydro Power,Huye,Series A,48,113,10,89
Musanze Food Processing,Rwamagana,Buyout,37,901,33.1,96
Bugesera Housing Corp,Rwamagana,Series A,66,2048,21.6,96
Kigali Health Partners,Bugesera,Seed,32,851,10,91
Akagera Express,Rwamagana,Growth Equity,45,884,10,81
Rwamagana Solar Ltd,Musanze,Buyout,43,124,10,73
Rubavu Eco-Lodge,Bugesera,Buyout,41,172,35,68
Nyamata Textile,Musanze,Growth Equity,40,1971,10,91
Kigali AgriTech,Musanze,Growth Equity,44,1478,25.7,78
Kivu Green Energy,Huye,Seed,43,288,10,73
Huye Tech Hub,Rubavu,Growth Equity,30,6936,10,74
Gicumbi Dairy,Rwamagana,Series A,32,161,35,93
Nyarugenge Hydro Power,Bugesera,Buyout,57,1067,10,94
Musanze Food Processing,Kigali,Seed,31,562,14.7,68
Bugesera Housing Corp,Rwamagana,Series A,49,100,17.3,91
Kigali Health Partners,Bugesera,Growth Equity,31,5627,13.2,82
Akagera Express,Kigali,Seed,41,1387,28.6,84
Rwamagana Solar Ltd,Musanze,Buyout,44,17461,35,90
Rubavu Eco-Lodge,Huye,Series A,54,2056,22.1,68
Nyamata Textile,Bugesera,Buyout,37,100,14.6,70
Kigali AgriTech,Musanze,Seed,34,394,35,76
Kivu Green Energy,Kigali,Buyout,43,375,10,98
Huye Tech Hub,Rwamagana,Seed,44,824,15.7,90
Gicumbi Dairy,Rwamagana,Series A,44,127,35,92
Nyarugenge Hydro Power,Musanze,Series A,53,126,10,72
Musanze Food Processing,Musanze,Seed,36,291,10,93
Bugesera Housing Corp,Rwamagana,Series A,58,223,13.1,70
Kigali Health Partners,Musanze,Seed,26,247,10,98
Akagera Express,Huye,Seed,34,279,29.4,94
Rwamagana Solar Ltd,Rubavu,Growth Equity,55,1186,14.6,86
Rubavu Eco-Lodge,Huye,Series A,55,571,10,65
Nyamata Textile,Bugesera,Series A,34,205,24.9,86
Kigali AgriTech,Kigali,Buyout,41,1688,10,67
Kivu Green Energy,Kigali,Series A,38,170,25.5,78
Huye Tech Hub,Rubavu,Growth Equity,28,2800,33.7,68
Gicumbi Dairy,Rwamagana,Buyout,41,1702,14.2,69
Nyarugenge Hydro Power,Bugesera,Growth Equity,30,100,20.9,73
Musanze Food Processing,Kigali,Buyout,39,939,35,91
Bugesera Housing Corp,Rubavu,Growth Equity,41,21615,10,96
Kigali Health Partners,Rubavu,Growth Equity,36,6002,21.9,73
Akagera Express,Rubavu,Buyout,37,647,14.3,86
Rwamagana Solar Ltd,Kigali,Series A,59,3900,10,89
Rubavu Eco-Lodge,Rubavu,Buyout,26,361,35,71
Nyamata Textile,Kigali,Seed,43,100,35,84
Kigali AgriTech,Huye,Buyout,42,134,17.6,78
Kivu Green Energy,Kigali,Seed,46,9428,35,77
Huye Tech Hub,Bugesera,Series A,31,105,10.1,70
Gicumbi Dairy,Kigali,Growth Equity,43,3629,16.9,94
Nyarugenge Hydro Power,Rwamagana,Buyout,48,2430,10,71
Musanze Food Processing,Rubavu,Growth Equity,41,1434,23.4,91
Bugesera Housing Corp,Huye,Growth Equity,32,3701,17.1,65
Kigali Health Partners,Rwamagana,Seed,45,365,10,70
Akagera Express,Bugesera,Buyout,52,2327,24.2,84
Rwamagana Solar Ltd,Musanze,Buyout,37,587,15.5,87
Rubavu Eco-Lodge,Kigali,Series A,38,100,35,65
Nyamata Textile,Kigali,Series A,36,274,22.3,83
Kigali AgriTech,Huye,Seed,58,14512,29.7,74
Kivu Green Energy,Musanze,Series A,37,3388,12.4,97
Huye Tech Hub,Huye,Series A,30,157,35,83
Gicumbi Dairy,Rubavu,Growth Equity,47,2346,33,67
Nyarugenge Hydro Power,Bugesera,Buyout,40,4541,15.3,87
Musanze Food Processing,Huye,Growth Equity,42,100,13.1,78
Bugesera Housing Corp,Musanze,Seed,71,453,20.8,76
Kigali Health Partners,Huye,Series A,54,548,10,83
Akagera Express,Rubavu,Buyout,53,127,23,89
Rwamagana Solar Ltd,Bugesera,Buyout,33,574,35,98
Rubavu Eco-Lodge,Kigali,Seed,30,1285,28.4,74
Nyamata Textile,Kigali,Buyout,39,382,24.3,77
Kigali AgriTech,Musanze,Seed,32,102,10,96
Kivu Green Energy,Rubavu,Series A,34,160,27.4,83
Huye Tech Hub,Huye,Buyout,39,4072,12.2,65
Gicumbi Dairy,Rwamagana,Buyout,75,26552,21.9,65
Nyarugenge Hydro Power,Rwamagana,Buyout,33,918,30.1,76
Musanze Food Processing,Huye,Seed,40,9474,10,94
Bugesera Housing Corp,Rwamagana,Buyout,37,147,35,94
Kigali Health Partners,Rwamagana,Buyout,69,379,10,83
Akagera Express,Kigali,Buyout,52,120,17.2,87
Rwamagana Solar Ltd,Rubavu,Growth Equity,31,460,33.2,69
Rubavu Eco-Lodge,Huye,Series A,28,1632,25.3,98
Nyamata Textile,Rubavu,Buyout,29,1773,20,86
Kigali AgriTech,Rubavu,Seed,46,2520,35,74
Kivu Green Energy,Rubavu,Growth Equity,28,200,13.2,87
Huye Tech Hub,Rwamagana,Growth Equity,41,100,10,66
Gicumbi Dairy,Kigali,Buyout,42,1633,10,70
Nyarugenge Hydro Power,Musanze,Growth Equity,34,396,14.7,74
Musanze Food Processing,Kigali,Seed,28,2888,35,78
Bugesera Housing Corp,Kigali,Growth Equity,43,209,10,98
Kigali Health Partners,Rubavu,Growth Equity,32,585,10,94
Akagera Express,Huye,Growth Equity,33,225,10,97
Rwamagana Solar Ltd,Rwamagana,Buyout,70,716,14.9,94
Rubavu Eco-Lodge,Rubavu,Buyout,36,3164,24,88
Nyamata Textile,Huye,Buyout,53,306,10,85
Kigali AgriTech,Rubavu,Series A,30,7000,35,94
Kivu Green Energy,Rubavu,Series A,45,279,15.5,98
Huye Tech Hub,Musanze,Series A,31,581,10.6,67
Gicumbi Dairy,Rubavu,Seed,28,112,10,71
Nyarugenge Hydro Power,Kigali,Series A,45,100,35,94
Musanze Food Processing,Bugesera,Buyout,51,276,10,80
Bugesera Housing Corp,Kigali,Seed,53,4186,10,78
Kigali Health Partners,Huye,Growth Equity,40,357,35,72
Akagera Express,Musanze,Seed,53,153,20.8,81
Rwamagana Solar Ltd,Bugesera,Series A,31,106,35,87
Rubavu Eco-Lodge,Rwamagana,Series A,30,662,13.7,94
Nyamata Textile,Musanze,Seed,53,218,10.1,83
Kigali AgriTech,Musanze,Seed,40,2905,17.3,75
Kivu Green Energy,Musanze,Buyout,26,665,35,83
Huye Tech Hub,Kigali,Growth Equity,47,100,35,80
Gicumbi Dairy,Rubavu,Series A,51,1712,35,67
Nyarugenge Hydro Power,Huye,Growth Equity,45,280,10,79
Musanze Food Processing,Rubavu,Growth Equity,35,100,29.5,66
Bugesera Housing Corp,Huye,Growth Equity,36,976,24.1,73
Kigali Health Partners,Huye,Growth Equity,57,2237,13.2,75
Akagera Express,Bugesera,Series A,42,360,17.5,65
Rwamagana Solar Ltd,Musanze,Buyout,32,153,35,94
Rubavu Eco-Lodge,Rubavu,Series A,30,1044,25.1,74
Nyamata Textile,Musanze,Growth Equity,36,2494,18.4,90
Kigali AgriTech,Huye,Growth Equity,43,397,11.9,94
Kivu Green Energy,Kigali,Buyout,69,2244,35,75
Huye Tech Hub,Rubavu,Series A,31,1069,10,68
Gicumbi Dairy,Huye,Buyout,35,100,12.5,96
Nyarugenge Hydro Power,Rubavu,Seed,26,137,20.7,88
Musanze Food Processing,Rubavu,Growth Equity,46,510,16.2,92
Bugesera Housing Corp,Rwamagana,Series A,30,1311,17.6,73
Kigali Health Partners,Kigali,Series A,33,171,10.7,90
Akagera Express,Musanze,Buyout,34,536,10,98
Rwamagana Solar Ltd,Bugesera,Buyout,48,659,35,84
Rubavu Eco-Lodge,Bugesera,Growth Equity,31,1270,20,74
Nyamata Textile,Kigali,Seed,46,125,10.3,71
Kigali AgriTech,Huye,Seed,40,1425,15,83
Kivu Green Energy,Kigali,Buyout,39,100,10.8,65
Huye Tech Hub,Bugesera,Seed,33,747,12.4,81
Gicumbi Dairy,Bugesera,Seed,50,2242,30.9,77
Nyarugenge Hydro Power,Bugesera,Seed,84,739,35,93
Musanze Food Processing,Kigali,Seed,40,277,35,75
Bugesera Housing Corp,Rubavu,Series A,55,336,20,85
Kigali Health Partners,Musanze,Seed,40,2059,17.7,77
Akagera Express,Rwamagana,Seed,46,196,15.1,76
Rwamagana Solar Ltd,Rubavu,Seed,43,100,14.7,72
Rubavu Eco-Lodge,Rwamagana,Growth Equity,34,350,19.3,83
Nyamata Textile,Huye,Buyout,35,226,11.2,72
Kigali AgriTech,Kigali,Series A,57,1721,10.8,95
Kivu Green Energy,Huye,Seed,25,108,10.7,96
Huye Tech Hub,Bugesera,Seed,32,289,10.6,97
Gicumbi Dairy,Kigali,Growth Equity,52,416,35,71
Nyarugenge Hydro Power,Bugesera,Seed,31,382,13.1,75
Musanze Food Processing,Bugesera,Seed,34,408,14,95
Bugesera Housing Corp,Kigali,Seed,42,348,16.3,67
Kigali Health Partners,Kigali,Seed,47,226,35,73
Akagera Express,Huye,Growth Equity,50,113,10,67
Rwamagana Solar Ltd,Kigali,Series A,30,493,35,85
Rubavu Eco-Lodge,Bugesera,Series A,33,458,30.2,68
Nyamata Textile,Rubavu,Seed,56,1017,30.6,85
Kigali AgriTech,Bugesera,Growth Equity,34,1368,25.9,78
Kivu Green Energy,Rubavu,Buyout,33,263,35,72
Huye Tech Hub,Musanze,Seed,32,573,10,88
Gicumbi Dairy,Huye,Series A,34,4931,26.5,71
Nyarugenge Hydro Power,Kigali,Growth Equity,37,1163,35,76
Musanze Food Processing,Bugesera,Growth Equity,30,100,35,81
Bugesera Housing Corp,Kigali,Buyout,29,524,24.1,98
Kigali Health Partners,Bugesera,Buyout,56,902,25.8,95
Akagera Express,Bugesera,Series A,31,530,13.7,89
Rwamagana Solar Ltd,Musanze,Series A,59,4040,10,65
Rubavu Eco-Lodge,Rwamagana,Series A,36,2980,28.3,74
Nyamata Textile,Huye,Seed,51,1169,24.7,68
Kigali AgriTech,Bugesera,Series A,54,4482,19.3,98
Kivu Green Energy,Rwamagana,Series A,37,100,12.9,90
Huye Tech Hub,Rwamagana,Growth Equity,32,4039,20.9,93
Gicumbi Dairy,Huye,Buyout,42,853,10,91
Nyarugenge Hydro Power,Musanze,Growth Equity,29,458,10,87
Musanze Food Processing,Rwamagana,Buyout,52,1241,10,76
Bugesera Housing Corp,Musanze,Buyout,40,1359,23.4,69
Kigali Health Partners,Musanze,Seed,30,327,10,85
Akagera Express,Rubavu,Series A,55,638,35,74
Rwamagana Solar Ltd,Musanze,Series A,49,192,22.1,78
Rubavu Eco-Lodge,Rubavu,Seed,33,8123,19.6,74
Nyamata Textile,Rubavu,Buyout,32,2578,35,91
Kigali AgriTech,Musanze,Growth Equity,21,6944,12.6,96
Kivu Green Energy,Huye,Seed,42,540,10,94
Huye Tech Hub,Huye,Buyout,56,900,17,81
Gicumbi Dairy,Rubavu,Buyout,39,1014,10,68
Nyarugenge Hydro Power,Rwamagana,Buyout,30,738,35,85
Musanze Food Processing,Rubavu,Seed,55,259,15.9,76
Bugesera Housing Corp,Rwamagana,Series A,43,583,22.5,69
Kigali Health Partners,Rwamagana,Series A,53,194,35,72
Akagera Express,Rubavu,Growth Equity,57,1144,35,77
Rwamagana Solar Ltd,Musanze,Series A,39,100,10,84
Rubavu Eco-Lodge,Rubavu,Buyout,56,501,10,92
Nyamata Textile,Huye,Seed,29,133,16.1,91
Kigali AgriTech,Kigali,Series A,38,606,12.2,94
Kivu Green Energy,Bugesera,Growth Equity,59,1981,35,88
Huye Tech Hub,Bugesera,Growth Equity,42,444,10,83
Gicumbi Dairy,Rubavu,Seed,46,100,10,92
Nyarugenge Hydro Power,Rubavu,Buyout,31,103,10,95
Musanze Food Processing,Rubavu,Seed,35,321,15,75
Bugesera Housing Corp,Kigali,Series A,50,136,10.4,74
Kigali Health Partners,Bugesera,Seed,42,1069,35,75
Akagera Express,Bugesera,Growth Equity,36,860,10,97
Rwamagana Solar Ltd,Musanze,Series A,25,320,10,73
Rubavu Eco-Lodge,Bugesera,Seed,42,11007,10,98
Nyamata Textile,Musanze,Buyout,27,248,14.6,71
Kigali AgriTech,Kigali,Series A,32,515,35,74
Kivu Green Energy,Musanze,Buyout,57,1441,33.9,78
Huye Tech Hub,Rwamagana,Series A,48,965,10,66
Gicumbi Dairy,Kigali,Buyout,34,666,24.8,67
Nyarugenge Hydro Power,Rubavu,Series A,33,310,20.1,81
Musanze Food Processing,Rwamagana,Seed,26,1375,10,87
Bugesera Housing Corp,Huye,Series A,50,679,10,97
Kigali Health Partners,Huye,Growth Equity,60,3034,23.3,70
Akagera Express,Rwamagana,Seed,47,6737,17.4,82
Rwamagana Solar Ltd,Musanze,Series A,31,371,10,86
Rubavu Eco-Lodge,Musanze,Growth Equity,52,100,14.5,75
Nyamata Textile,Rubavu,Series A,36,572,35,78
Kigali AgriTech,Huye,Seed,43,587,35,98
Kivu Green Energy,Musanze,Seed,30,799,21.3,71
Huye Tech Hub,Kigali,Seed,32,250,21,66
Gicumbi Dairy,Musanze,Series A,31,1230,22.4,88
Nyarugenge Hydro Power,Kigali,Growth Equity,29,684,35,89
Musanze Food Processing,Rubavu,Series A,48,3286,10.4,65
Bugesera Housing Corp,Kigali,Growth Equity,32,233,17.1,96
Kigali Health Partners,Huye,Series A,30,968,35,73
Akagera Express,Huye,Growth Equity,48,580,35,97
Rwamagana Solar Ltd,Huye,Seed,51,1983,10,90
Rubavu Eco-Lodge,Rubavu,Growth Equity,34,706,10,69
Nyamata Textile,Musanze,Buyout,35,703,35,69
Kigali AgriTech,Kigali,Buyout,49,648,11.5,98
Kivu Green Energy,Rubavu,Series A,36,972,15.3,75
Huye Tech Hub,Rwamagana,Growth Equity,37,133,10.6,87
Gicumbi Dairy,Musanze,Series A,37,1789,35,65
Nyarugenge Hydro Power,Rubavu,Growth Equity,49,1002,21,69
Musanze Food Processing,Kigali,Buyout,44,100,10,94
Bugesera Housing Corp,Bugesera,Seed,40,360,10,90
Kigali Health Partners,Huye,Buyout,57,689,22.3,74
Akagera Express,Musanze,Growth Equity,39,726,12.6,97
Rwamagana Solar Ltd,Musanze,Buyout,38,100,35,69
Rubavu Eco-Lodge,Musanze,Buyout,51,178,35,68
Nyamata Textile,Rubavu,Series A,27,3892,27.9,69
Kigali AgriTech,Kigali,Growth Equity,38,14158,29.3,82
Kivu Green Energy,Rwamagana,Buyout,30,622,35,78
Huye Tech Hub,Musanze,Seed,36,486,35,82
Gicumbi Dairy,Huye,Growth Equity,37,2078,35,86
Nyarugenge Hydro Power,Bugesera,Series A,53,559,31.7,96
Musanze Food Processing,Rubavu,Series A,38,2912,35,71
Bugesera Housing Corp,Musanze,Series A,48,5157,10,65
Kigali Health Partners,Huye,Growth Equity,26,859,19.1,81
Akagera Express,Huye,Buyout,33,516,35,65
Rwamagana Solar Ltd,Bugesera,Growth Equity,47,2206,16.8,91
Rubavu Eco-Lodge,Rubavu,Seed,45,320,10,72
Nyamata Textile,Bugesera,Buyout,32,100,35,97
Kigali AgriTech,Rubavu,Growth Equity,69,526,22.5,96
Kivu Green Energy,Huye,Seed,65,4817,25.6,72
Huye Tech Hub,Kigali,Seed,37,495,21.9,74
Gicumbi Dairy,Huye,Series A,45,100,21.1,72
Nyarugenge Hydro Power,Rwamagana,Series A,36,306,17.7,69
Musanze Food Processing,Huye,Growth Equity,62,106,21.6,77
Bugesera Housing Corp,Bugesera,Buyout,37,4139,10.6,89
Kigali Health Partners,Kigali,Series A,39,787,35,68
Akagera Express,Rubavu,Buyout,38,342,35,77
Rwamagana Solar Ltd,Bugesera,Buyout,31,682,10,90
Rubavu Eco-Lodge,Kigali,Seed,58,8318,12.4,82
Nyamata Textile,Rubavu,Growth Equity,44,1524,20.1,65
Kigali AgriTech,Bugesera,Buyout,31,192,35,72
Kivu Green Energy,Huye,Series A,33,2185,35,73
Huye Tech Hub,Musanze,Series A,36,297,26,67
Gicumbi Dairy,Huye,Series A,31,2405,13.9,95
Nyarugenge Hydro Power,Musanze,Buyout,45,647,21.4,66
Musanze Food Processing,Rwamagana,Growth Equity,30,511,14.2,83
Bugesera Housing Corp,Kigali,Buyout,34,684,15.4,82
Kigali Health Partners,Rubavu,Buyout,34,1097,10,90
Akagera Express,Rubavu,Series A,39,183,10,91
Rwamagana Solar Ltd,Huye,Growth Equity,41,6663,13.6,69
Rubavu Eco-Lodge,Rubavu,Series A,32,100,10,86
Nyamata Textile,Kigali,Series A,32,100,10,67
Kigali AgriTech,Musanze,Seed,36,498,27.8,95
Kivu Green Energy,Rubavu,Series A,35,1245,10,94
Huye Tech Hub,Kigali,Series A,32,102,10,82
Gicumbi Dairy,Rwamagana,Series A,33,301,17.1,79
Nyarugenge Hydro Power,Huye,Seed,49,663,10,94
Musanze Food Processing,Rwamagana,Growth Equity,35,3261,35,92
Bugesera Housing Corp,Bugesera,Buyout,31,100,35,98
Kigali Health Partners,Huye,Seed,42,1431,35,94
Akagera Express,Musanze,Buyout,34,3029,35,96
Rwamagana Solar Ltd,Bugesera,Series A,32,320,12.3,75
Rubavu Eco-Lodge,Rwamagana,Series A,29,6080,31.7,83
Nyamata Textile,Kigali,Seed,32,148,10,88
Kigali AgriTech,Rwamagana,Series A,50,100,11.8,97
Kivu Green Energy,Kigali,Growth Equity,58,3482,29.4,79
Huye Tech Hub,Bugesera,Series A,59,2408,35,87
Gicumbi Dairy,Huye,Seed,25,110,35,84
Nyarugenge Hydro Power,Kigali,Growth Equity,57,262,17.4,71
Musanze Food Processing,Musanze,Seed,30,1173,35,69
Bugesera Housing Corp,Kigali,Seed,26,1800,10,89
Kigali Health Partners,Huye,Growth Equity,50,248,19.8,97
Akagera Express,Rwamagana,Buyout,39,100,35,66
Rwamagana Solar Ltd,Musanze,Seed,45,285,24.9,87
Rubavu Eco-Lodge,Bugesera,Buyout,37,996,34.3,82
Nyamata Textile,Musanze,Buyout,47,1379,35,81
Kigali AgriTech,Huye,Growth Equity,50,299,11.6,73
Kivu Green Energy,Bugesera,Seed,40,199,10,89
Huye Tech Hub,Rubavu,Buyout,35,478,35,98
Gicumbi Dairy,Bugesera,Series A,53,115,35,90
Nyarugenge Hydro Power,Rubavu,Growth Equity,35,247,10,78
Musanze Food Processing,Musanze,Buyout,54,2325,10,65
Bugesera Housing Corp,Bugesera,Buyout,35,1910,10,70
Kigali Health Partners,Musanze,Seed,31,106,10,96
Akagera Express,Rubavu,Seed,46,535,19.2,98
Rwamagana Solar Ltd,Huye,Series A,52,435,35,77
Rubavu Eco-Lodge,Rwamagana,Buyout,34,351,35,67
Nyamata Textile,Bugesera,Growth Equity,46,105,30.5,91
Kigali AgriTech,Kigali,Series A,54,741,35,75
Kivu Green Energy,Kigali,Series A,37,100,11.5,80
Huye Tech Hub,Rwamagana,Series A,39,822,14.1,83
Gicumbi Dairy,Rwamagana,Growth Equity,50,3437,10,87
Nyarugenge Hydro Power,Rwamagana,Growth Equity,44,100,26.4,84
Musanze Food Processing,Bugesera,Seed,56,1604,10,65
Bugesera Housing Corp,Huye,Growth Equity,40,135,31.8,94
Kigali Health Partners,Rwamagana,Series A,36,995,35,68
Akagera Express,Kigali,Growth Equity,33,852,10.4,76
Rwamagana Solar Ltd,Kigali,Seed,33,2025,10,83
Rubavu Eco-Lodge,Kigali,Series A,42,346,14.9,95
Nyamata Textile,Bugesera,Growth Equity,30,1001,35,91
Kigali AgriTech,Rwamagana,Growth Equity,33,994,35,91
Kivu Green Energy,Kigali,Seed,26,692,17.4,65
Huye Tech Hub,Rwamagana,Buyout,26,3629,10,82
Gicumbi Dairy,Kigali,Series A,37,100,18.7,87
Nyarugenge Hydro Power,Bugesera,Seed,59,100,35,67
Musanze Food Processing,Rwamagana,Series A,49,471,10,96
Bugesera Housing Corp,Rubavu,Series A,33,101,25.7,91
Kigali Health Partners,Rwamagana,Seed,46,934,19.6,65
Akagera Express,Huye,Buyout,55,398,14.4,71
Rwamagana Solar Ltd,Musanze,Growth Equity,49,406,28.5,85
Rubavu Eco-Lodge,Rwamagana,Series A,51,243,35,81
Nyamata Textile,Bugesera,Series A,27,286,13.6,81
Kigali AgriTech,Kigali,Seed,44,5697,10,88
Kivu Green Energy,Musanze,Series A,40,1647,10,80
Huye Tech Hub,Bugesera,Series A,36,1952,35,66
Gicumbi Dairy,Rwamagana,Seed,46,1890,21.4,66
Nyarugenge Hydro Power,Bugesera,Series A,30,120,35,80
Musanze Food Processing,Bugesera,Buyout,35,8752,10.3,74
Bugesera Housing Corp,Kigali,Series A,31,1726,35,78
Kigali Health Partners,Rwamagana,Series A,37,849,21.9,77
Akagera Express,Musanze,Seed,49,151,35,76
Rwamagana Solar Ltd,Bugesera,Buyout,27,101,10,78
Rubavu Eco-Lodge,Rubavu,Growth Equity,32,132,14.5,82
Nyamata Textile,Kigali,Seed,70,6950,25.2,65
Kigali AgriTech,Kigali,Series A,22,433,12.9,72
Kivu Green Energy,Rwamagana,Growth Equity,58,127,10,76
Huye Tech Hub,Bugesera,Buyout,33,1032,22.6,72
Gicumbi Dairy,Huye,Seed,83,100,35,71
Nyarugenge Hydro Power,Rwamagana,Growth Equity,50,200,15.7,73
Musanze Food Processing,Musanze,Seed,53,726,20.5,67
Bugesera Housing Corp,Rwamagana,Growth Equity,37,109,35,94
Kigali Health Partners,Rwamagana,Series A,55,753,35,76
Akagera Express,Rubavu,Buyout,49,3708,23.1,68
Rwamagana Solar Ltd,Rwamagana,Series A,41,393,10.2,81
Rubavu Eco-Lodge,Huye,Growth Equity,40,136,24,94
Nyamata Textile,Musanze,Growth Equity,48,363,35,93
Kigali AgriTech,Huye,Seed,27,8466,35,79
Kivu Green Energy,Rubavu,Growth Equity,30,2286,35,85
Huye Tech Hub,Musanze,Series A,37,20553,11.5,83
Gicumbi Dairy,Rwamagana,Series A,37,205,26,72
Nyarugenge Hydro Power,Musanze,Seed,40,540,32.7,87
Musanze Food Processing,Rwamagana,Buyout,73,619,35,94
Bugesera Housing Corp,Rubavu,Series A,50,19547,16.6,72
Kigali Health Partners,Musanze,Seed,53,325,17.1,87
Akagera Express,Rwamagana,Growth Equity,47,2648,35,92
Rwamagana Solar Ltd,Bugesera,Buyout,33,100,22.4,90
Rubavu Eco-Lodge,Musanze,Seed,50,2384,35,72
Nyamata Textile,Bugesera,Seed,51,140,10,90
Kigali AgriTech,Bugesera,Seed,42,464,10,66
Kivu Green Energy,Bugesera,Seed,34,274,25.9,69
Huye Tech Hub,Bugesera,Growth Equity,44,10988,16.3,94
Gicumbi Dairy,Huye,Growth Equity,32,100,15.9,81
Nyarugenge Hydro Power,Musanze,Growth Equity,60,325,10,93
Musanze Food Processing,Musanze,Seed,60,2231,35,79
Bugesera Housing Corp,Musanze,Seed,29,120,35,70
Kigali Health Partners,Bugesera,Growth Equity,39,136,10,74
Akagera Express,Huye,Growth Equity,47,2742,31,70
Rwamagana Solar Ltd,Huye,Buyout,30,500,22.3,85
Rubavu Eco-Lodge,Bugesera,Series A,31,1314,10,91
Nyamata Textile,Huye,Seed,34,392,18.1,96
Kigali AgriTech,Rubavu,Growth Equity,51,1515,15.1,80
Kivu Green Energy,Rwamagana,Seed,38,313,27,91
Huye Tech Hub,Bugesera,Buyout,47,2640,11,92
Gicumbi Dairy,Kigali,Growth Equity,46,3332,10,96
Nyarugenge Hydro Power,Rwamagana,Series A,33,396,10,96
Musanze Food Processing,Bugesera,Growth Equity,30,142,11.5,88
Bugesera Housing Corp,Rwamagana,Series A,40,797,22,94
Kigali Health Partners,Rubavu,Growth Equity,38,13256,29.1,83
Akagera Express,Huye,Growth Equity,63,1590,35,74
Rwamagana Solar Ltd,Kigali,Seed,33,250,15.1,66
Rubavu Eco-Lodge,Bugesera,Growth Equity,59,100,35,86
Nyamata Textile,Bugesera,Seed,29,4310,11.9,93
Kigali AgriTech,Kigali,Seed,54,1112,10,65
Kivu Green Energy,Kigali,Series A,57,16163,35,68
Huye Tech Hub,Rwamagana,Series A,57,5531,35,90
Gicumbi Dairy,Huye,Growth Equity,28,417,10,98
Nyarugenge Hydro Power,Kigali,Buyout,30,4887,26.6,74
Musanze Food Processing,Bugesera,Seed,28,325,35,95
Bugesera Housing Corp,Rwamagana,Series A,45,3954,10,66
Kigali Health Partners,Bugesera,Series A,29,192,24,98
Akagera Express,Rubavu,Series A,42,110,29.1,89
Rwamagana Solar Ltd,Rubavu,Buyout,31,717,11.5,98
Rubavu Eco-Lodge,Musanze,Seed,59,295,35,95
Nyamata Textile,Musanze,Series A,41,1272,15.3,74
Kigali AgriTech,Kigali,Seed,57,100,19.7,79
Kivu Green Energy,Kigali,Buyout,43,100,10.6,69
Huye Tech Hub,Bugesera,Buyout,30,194,10,70
Gicumbi Dairy,Huye,Seed,26,709,11.2,78
Nyarugenge Hydro Power,Musanze,Growth Equity,52,104,10,75
Musanze Food Processing,Rwamagana,Series A,32,1221,21.1,77
Bugesera Housing Corp,Musanze,Growth Equity,39,455,31.3,86
Kigali Health Partners,Huye,Seed,31,3753,25.2,77
Akagera Express,Rwamagana,Seed,83,1197,18.1,82
Rwamagana Solar Ltd,Rubavu,Growth Equity,34,536,11.8,89
Rubavu Eco-Lodge,Rwamagana,Buyout,40,4895,10,90
Nyamata Textile,Kigali,Buyout,39,366,10.2,66
Kigali AgriTech,Musanze,Buyout,50,3457,23.9,72
Kivu Green Energy,Musanze,Growth Equity,30,201,18.7,91
Huye Tech Hub,Huye,Series A,43,11010,10,89
Gicumbi Dairy,Bugesera,Buyout,49,1668,20.6,85
Nyarugenge Hydro Power,Rubavu,Series A,41,100,23.9,86
Musanze Food Processing,Huye,Buyout,35,405,10,96
Bugesera Housing Corp,Kigali,Growth Equity,57,131,26,82
Kigali Health Partners,Huye,Seed,29,552,34.7,73
Akagera Express,Musanze,Growth Equity,48,105,35,95
Rwamagana Solar Ltd,Rwamagana,Series A,38,8029,18.2,72
Rubavu Eco-Lodge,Huye,Series A,41,139,35,95
Nyamata Textile,Musanze,Seed,39,367,35,74
Kigali AgriTech,Kigali,Series A,31,5045,35,73
Kivu Green Energy,Kigali,Series A,51,563,21.3,76
Huye Tech Hub,Musanze,Seed,35,2216,35,71
Gicumbi Dairy,Kigali,Growth Equity,45,159,35,95
Nyarugenge Hydro Power,Rubavu,Buyout,28,231,14.7,71
Musanze Food Processing,Rwamagana,Seed,57,207,10,79
Bugesera Housing Corp,Huye,Growth Equity,36,135,33.9,67
Kigali Health Partners,Musanze,Growth Equity,49,330,10,89
Akagera Express,Huye,Seed,34,2779,19.5,96
Rwamagana Solar Ltd,Bugesera,Series A,65,593,35,98
Rubavu Eco-Lodge,Rwamagana,Seed,26,356,10.1,71
Nyamata Textile,Rubavu,Buyout,52,233,10,75
Kigali AgriTech,Bugesera,Series A,32,911,35,73
Kivu Green Energy,Huye,Buyout,33,402,35,80
Huye Tech Hub,Huye,Growth Equity,43,3629,19,81
Gicumbi Dairy,Bugesera,Seed,26,175,35,91
Nyarugenge Hydro Power,Rubavu,Series A,45,1099,21.5,77
Musanze Food Processing,Rubavu,Series A,30,7945,10,66
Bugesera Housing Corp,Rwamagana,Buyout,37,360,35,94
Kigali Health Partners,Musanze,Seed,45,2148,31,83
Akagera Express,Rwamagana,Growth Equity,34,1657,21.3,71
Rwamagana Solar Ltd,Kigali,Buyout,35,605,35,76
Rubavu Eco-Lodge,Bugesera,Buyout,41,1636,10,80
Nyamata Textile,Rubavu,Seed,42,100,11.8,94
Kigali AgriTech,Huye,Series A,48,539,21.2,81
Kivu Green Energy,Musanze,Growth Equity,45,144,10,86
Huye Tech Hub,Rwamagana,Seed,47,395,15.7,85
Gicumbi Dairy,Bugesera,Seed,37,290,19.4,73
Nyarugenge Hydro Power,Huye,Series A,32,4035,12.9,74
Musanze Food Processing,Huye,Series A,40,117,35,66
Bugesera Housing Corp,Rwamagana,Buyout,35,275,21.9,71
Kigali Health Partners,Bugesera,Seed,31,4988,35,70
Akagera Express,Huye,Buyout,36,140,35,82
Rwamagana Solar Ltd,Rubavu,Buyout,44,4560,16.8,86
Rubavu Eco-Lodge,Rubavu,Series A,52,198,14.8,78
Nyamata Textile,Rubavu,Seed,28,430,19.7,85
Kigali AgriTech,Rubavu,Growth Equity,45,13217,10,68
Kivu Green Energy,Musanze,Buyout,38,12977,11.8,81
Huye Tech Hub,Rwamagana,Buyout,39,1606,29.9,96
Gicumbi Dairy,Rubavu,Series A,28,100,19.8,94
Nyarugenge Hydro Power,Rubavu,Growth Equity,31,875,35,96
Musanze Food Processing,Kigali,Series A,46,358,21.7,97
Bugesera Housing Corp,Kigali,Seed,22,346,10,68
Kigali Health Partners,Bugesera,Growth Equity,49,2246,35,80
Akagera Express,Rwamagana,Growth Equity,44,404,12.9,73
Rwamagana Solar Ltd,Bugesera,Growth Equity,31,460,35,94
Rubavu Eco-Lodge,Bugesera,Seed,53,3416,33.1,84
Nyamata Textile,Bugesera,Buyout,55,6980,35,91
Kigali AgriTech,Rwamagana,Buyout,35,2289,25.6,75
Kivu Green Energy,Rwamagana,Growth Equity,35,5404,34,83
Huye Tech Hub,Kigali,Buyout,37,202,10.1,88
Gicumbi Dairy,Kigali,Buyout,50,281,35,65
Nyarugenge Hydro Power,Bugesera,Buyout,37,4053,35,85
Musanze Food Processing,Rubavu,Seed,37,7069,35,67
Bugesera Housing Corp,Musanze,Series A,29,672,31.4,78
Kigali Health Partners,Rwamagana,Buyout,31,323,35,96
Akagera Express,Musanze,Buyout,40,496,12.7,97
Rwamagana Solar Ltd,Rubavu,Seed,47,264,21.2,87
Rubavu Eco-Lodge,Musanze,Series A,55,2778,15.1,86
Nyamata Textile,Kigali,Seed,33,1020,10,93
Kigali AgriTech,Huye,Buyout,53,4654,10,78
Kivu Green Energy,Rubavu,Buyout,38,723,29.7,66
Huye Tech Hub,Rubavu,Growth Equity,61,1067,18,74
Gicumbi Dairy,Musanze,Buyout,43,1677,10,97
Nyarugenge Hydro Power,Rubavu,Seed,42,101,10,69
Musanze Food Processing,Bugesera,Buyout,36,100,10,86
Bugesera Housing Corp,Kigali,Growth Equity,31,1266,20.7,85
Kigali Health Partners,Musanze,Series A,59,3634,21.6,84
Akagera Express,Musanze,Buyout,29,300,32.2,90
Rwamagana Solar Ltd,Huye,Series A,33,4890,13.7,78
Rubavu Eco-Lodge,Rubavu,Seed,44,337,10,90
Nyamata Textile,Bugesera,Seed,43,1435,35,80
Kigali AgriTech,Huye,Buyout,42,703,29.8,86
Kivu Green Energy,Rubavu,Growth Equity,32,677,10.1,86
Huye Tech Hub,Kigali,Seed,43,100,11,72
Gicumbi Dairy,Kigali,Series A,39,263,10.7,88
Nyarugenge Hydro Power,Kigali,Growth Equity,23,1258,35,72
Musanze Food Processing,Huye,Growth Equity,43,742,35,79
Bugesera Housing Corp,Musanze,Series A,46,566,16.9,78
Kigali Health Partners,Kigali,Buyout,31,219,35,72
Akagera Express,Kigali,Growth Equity,38,3536,35,80
Rwamagana Solar Ltd,Rwamagana,Seed,53,338,23.8,75
Rubavu Eco-Lodge,Kigali,Buyout,37,478,35,73
Nyamata Textile,Bugesera,Buyout,49,132,12.8,66
Kigali AgriTech,Bugesera,Series A,31,415,13,86
Kivu Green Energy,Rwamagana,Seed,45,7045,13.1,88
Huye Tech Hub,Rwamagana,Growth Equity,58,3596,11.1,82
Gicumbi Dairy,Rubavu,Seed,35,100,16.9,82
Nyarugenge Hydro Power,Rubavu,Growth Equity,32,409,34.6,70
Musanze Food Processing,Huye,Series A,28,100,20.5,86
Bugesera Housing Corp,Rubavu,Series A,26,768,35,69
Kigali Health Partners,Rubavu,Series A,48,1275,35,91
Akagera Express,Huye,Series A,30,463,17.1,74
Rwamagana Solar Ltd,Musanze,Seed,31,138,18.5,80
Rubavu Eco-Lodge,Rubavu,Seed,31,1283,35,76
Nyamata Textile,Rubavu,Series A,45,1042,35,92
Kigali AgriTech,Bugesera,Seed,38,4296,19.3,67
Kivu Green Energy,Huye,Series A,34,397,10,68
Huye Tech Hub,Rubavu,Seed,42,191,10,66
Gicumbi Dairy,Bugesera,Buyout,60,462,35,83
Nyarugenge Hydro Power,Kigali,Series A,42,1180,35,83
Musanze Food Processing,Kigali,Series A,32,720,35,74
Bugesera Housing Corp,Kigali,Buyout,42,266,10,72
Kigali Health Partners,Musanze,Series A,33,388,30.6,65
Akagera Express,Musanze,Buyout,42,742,35,74
Rwamagana Solar Ltd,Bugesera,Buyout,51,2606,21,74
Rubavu Eco-Lodge,Kigali,Seed,36,666,12.9,65
Nyamata Textile,Huye,Seed,46,768,35,87
Kigali AgriTech,Kigali,Series A,40,1200,35,74
Kivu Green Energy,Musanze,Buyout,49,422,35,65
Huye Tech Hub,Rwamagana,Buyout,38,1305,10,70
Gicumbi Dairy,Rwamagana,Growth Equity,32,573,35,80
Nyarugenge Hydro Power,Kigali,Buyout,33,433,32.9,85
Musanze Food Processing,Kigali,Series A,57,3413,15.3,97
Bugesera Housing Corp,Musanze,Growth Equity,57,395,15.1,81
Kigali Health Partners,Bugesera,Growth Equity,28,1237,12.9,92
Akagera Express,Rwamagana,Series A,44,1236,34.5,65
